QM9 index,SMILES,stable
58,[NH]C(=[NH2])C#N,0
61,[NH]C(=[NH2])C=O,0
80,[NH3]CC(=O)[O],0
185,N=c1occ[nH]1,0
186,N=c1occo1,0
245,[NH]C(=[NH2])NC=O,0
267,C[NH2]CC(=O)[O],0
280,[NH]C(=[NH2])C(=O)C,0
286,C[C@H](C(=O)[O])[NH3],0
752,N=c1onc[nH]1,0
753,N=c1[nH]nn[nH]1,0
754,N=c1onco1,0
755,N=c1onno1,0
881,Cc1c[nH]c(=N)o1,0
884,Cc1coc(=N)[nH]1,0
885,Cc1coc(=N)o1,0
888,Nc1c[nH]c(=N)o1,0
891,Nc1coc(=N)o1,0
894,Oc1c[nH]c(=N)o1,0
897,Oc1coc(=N)[nH]1,0
898,Oc1coc(=N)o1,0
906,N=c1ccocn1,0
907,N=c1nc[nH]cn1,0
908,N=c1ncocn1,0
914,N=c1ncnc[nH]1,0
1003,Cn1ccoc1=N,0
1102,[O]C(=O)C([NH3])(C)C,0
1115,[NH]C(=[NH2])NC(=O)C,0
1117,NC(=[NH2])CC(=O)[O],0
1126,C[C@H](CC(=O)[O])[NH3],0
1129,C[NH](CC(=O)[O])C,0
1232,[O]C(=O)CNC=[NH2],0
1259,[O]C(=O)CNC=[NH2],0
1265,[NH3]CC#CC(=O)[O],0
1281,CC[NH2]CC(=O)[O],0
1284,C[NH2]CCC(=O)[O],0
1290,[NH3]CCCC(=O)[O],0
1584,[NH]C(=[NH2])C(=O)C#C,0
1585,[NH]C(=[NH2])C(=O)C#N,0
1588,[NH]C(=[NH2])C(=O)C=O,0
1596,[NH]C(=[NH2])[C@H](C#N)O,0
1600,[NH3][C@H](C(=O)[O])C#C,0
1637,CN(C(=[NH2])[NH])C=O,0
1645,CCC(=O)C(=[NH2])[NH],0
1652,COC(=O)C(=[NH2])[NH],0
1654,[NH]C(=[NH2])C(=O)CO,0
1675,CC[C@H](C(=O)[O])[NH3],0
1680,C[C@@H](C(=O)[O])[NH2]C,0
1684,OC[C@@H](C(=O)[O])[NH3],0
1685,N[C@H](C(=O)[O])C[NH3],0
1686,[NH3]C[C@H](C(=O)[O])O,0
1806,[O]C(=O)C1([NH3])CC1,0
1994,[O]C(=O)C[C@H]1C[NH2]1,0
2356,[O]C(=O)[C@H]1CC[NH2]1,0
2357,[O]C(=O)C1C[NH2]C1,0
2386,[NH3][C@H]1C[C@H]1C(=O)[O],0
3704,Cc1noc(=N)o1,0
3751,Cn1cnoc1=N,0
3763,Cn1ncoc1=N,0
3771,Cn1nn[nH]c1=N,0
3773,Cn1nnoc1=N,0
3831,N=c1cn[nH]cn1,0
3838,[NH]C1=N[N]OC=N1,0
3842,[NH]C1=NCC=NN1,0
3885,Nc1noc(=N)[nH]1,0
3886,Nc1noc(=N)o1,0
3891,[NH3]Cc1nnn[nH]1,0
3895,O=c1cconn1,0
3899,O=c1nconn1,0
3941,Oc1n[nH]c(=N)[nH]1,0
3945,Oc1noc(=N)o1,0
4010,C[NH2]CC(=N[O])C=O,0
4232,[NH]C(=[NH2])C(F)(F)F,0
4239,N=C1OCC=C(N1)[NH],0
4240,N=c1ncoc(=N)[nH]1,0
4266,Cc1nc(=N)nc[nH]1,0
4267,Cc1nc(=N)nco1,0
4276,Nc1nc(=N)cco1,0
4277,Nc1ncnc(=N)[nH]1,0
4278,Nc1nc(=N)nco1,0
4290,OC1=NC(=CCN1)[NH],0
4291,Oc1nc(=N)cco1,0
4292,Oc1nc(=N)nc[nH]1,0
4293,Oc1nc(=N)nco1,0
4303,Cc1nc(=N)[nH]cn1,0
4329,[NH]C1=N[C@@H](N=CN1)O,0
4392,Cc1nccc(=N)o1,0
4395,Cc1ncnc(=N)[nH]1,0
4396,CC1=NCN=C(O1)[NH],0
4422,Oc1nccc(=N)[nH]1,0
4423,Oc1nccc(=N)o1,0
4427,Oc1ncnc(=O)o1,0
4429,N=c1[nH]c(c(o1)C)C,0
4430,Cc1oc(=N)oc1C,0
4435,Nc1oc(=N)[nH]c1C,0
4436,N=c1oc(c(o1)C)N,0
4439,Cc1oc(=N)[nH]c1O,0
4441,N=c1oc(c(o1)C)O,0
4444,N=c1[nH]c(c(o1)N)N,0
4445,Nc1oc(=N)oc1N,0
4450,Oc1oc(=N)[nH]c1N,0
4451,N=c1oc(c(o1)N)O,0
4555,Cc1cn(c(=N)o1)C,0
4558,Cn1cc(oc1=N)N,0
4561,Cn1cc(oc1=N)O,0
4607,NC1=COC(=CC1)[NH],0
4613,Oc1c[nH]c(=N)cn1,0
4623,N=c1ncn(cn1)C,0
4625,N=c1occ([nH]1)C#C,0
4626,N=c1oc(c[nH]1)C#C,0
4627,N=c1oc(c[nH]1)C#N,0
4628,N=c1oc(co1)C#C,0
4629,N=c1oc(co1)C#N,0
4635,N=c1oc(c[nH]1)C=O,0
4636,N=c1oc(co1)C=O,0
4807,[NH3]Cc1cc(co1)[O],0
4871,[NH3]CC1=C[CH]C(=O)O1,0
4872,[NH3]Cc1c[nH]c(=O)o1,0
4876,CCc1c[nH]c(=N)o1,0
4879,CCc1coc(=N)[nH]1,0
4880,CCc1coc(=N)o1,0
4883,CNc1c[nH]c(=N)o1,0
4885,CNc1coc(=N)o1,0
4888,COc1c[nH]c(=N)o1,0
4891,COc1coc(=N)[nH]1,0
4892,COc1coc(=N)o1,0
4895,OCc1c[nH]c(=N)o1,0
4898,OCc1coc(=N)[nH]1,0
4899,OCc1coc(=N)o1,0
4939,[NH3]CC1=COC(=O)[CH]1,0
4940,[NH3]CC1=NC(=O)O[CH]1,0
4997,Cc1cncoc1=N,0
5003,N=c1occcc1N,0
5006,Nc1cncoc1=N,0
5011,N=c1occcc1O,0
5013,Oc1cnc[nH]c1=N,0
5014,Oc1cncoc1=N,0
5016,N=c1[nH]ccnc1O,0
5020,CC1=C([NH])N=CNC1,0
5023,Cc1cocnc1=N,0
5026,[NH]C1=C(N)CNC=N1,0
5032,OC1=C([NH])N=CNC1,0
5034,NC1=CCOC=C1[O],0
5040,Cn1cncnc1=N,0
5100,Cn1c(C)coc1=N,0
5101,Cn1c(O)coc1=N,0
5279,[NH]C(=[NH2])c1ccco1,0
5280,[NH]C(=[NH2])c1cnco1,0
5281,[NH]C(=[NH2])c1ncco1,0
5292,[NH]C(=[NH2])c1cocn1,0
5367,C[N]C1=CCNC=N1,0
5370,CN=c1nc[nH]cn1,0
5373,CN=c1ncnc[nH]1,0
5374,CN=c1cccco1,0
5418,N=c1[nH]ccn1C=O,0
5419,N=c1occn1C=O,0
5557,[NH3]Cc1occc1[O],0
5598,[NH3]C[C]1C=COC1=O,0
5599,[NH3]C[C]1N=COC1=O,0
5631,[NH3]Cc1cocc1[O],0
5642,CCn1ccoc1=N,0
5730,N=C1O[CH][C]2N1CC2,0
6006,C[C@](C(=O)[O])(C#C)[NH3],0
6009,C[C@](C(=[NH2])[NH])(C#N)O,0
6035,C[C@](C(=O)[O])(C[NH3])N,0
6036,OC[C@](C(=O)[O])([NH3])C,0
6037,C[C@](C(=O)[O])(C[NH3])O,0
6041,C[C@](C(=O)[O])(CC)[NH3],0
6044,C[NH2]C(C(=O)[O])(C)C,0
6061,CC(=[NH2])NCC(=O)[O],0
6062,NC(=[NH2])NCC(=O)[O],0
6063,CC(=[NH2])NCC(=O)[O],0
6073,NC(=[NH2])CCC(=O)[O],0
6074,NC(=[NH2])NCC(=O)[O],0
6081,C[C@H](C#CC(=O)[O])[NH3],0
6093,CC([NH2]CC(=O)[O])C,0
6096,C[C@H](CCC(=O)[O])[NH3],0
6103,C[NH](CCC(=O)[O])C,0
6245,[NH]C(=[NH2])NC(=O)C#C,0
6253,[NH]C(=[NH2])NC(=O)C=O,0
6314,[NH3][C@H](C#C)CC(=O)[O],0
6324,CN(C=[NH2])CC(=O)[O],0
6330,CNC(=[NH2])CC(=O)[O],0
6344,CCC(=O)NC(=[NH2])[NH],0
6346,CNC(=[NH2])CC(=O)[O],0
6358,COC(=O)NC(=[NH2])[NH],0
6360,[NH]C(=[NH2])NC(=O)CO,0
6385,C[C@@H](C[NH3])CC(=O)[O],0
6398,CC[C@H](CC(=O)[O])[NH3],0
6401,C[NH](CC)CC(=O)[O],0
6402,C[C@H]([NH2]C)CC(=O)[O],0
6406,OC[C@@H](CC(=O)[O])[NH3],0
6407,[NH3][C@H](CN)CC(=O)[O],0
6408,[NH3]C[C@H](CC(=O)[O])O,0
6493,C[C@@]1(CC(=O)[O])C[NH2]1,0
6497,[O]C(=O)CC1([NH3])CC1,0
6665,C#CC[NH2]CC(=O)[O],0
6684,O=CC[NH2]CC(=O)[O],0
6723,CN[CH]NCC(=O)[O],0
6726,[O]C(=O)CCNC=[NH2],0
6733,[NH3]CC#CCC(=O)[O],0
6742,CN[CH]NCC(=O)[O],0
6751,C[NH2]CC#CC(=O)[O],0
6755,[NH3]CCC#CC(=O)[O],0
6773,CCC[NH2]CC(=O)[O],0
6776,CC[NH2]CCC(=O)[O],0
6779,C[NH2]CCCC(=O)[O],0
6790,[NH3]CCCCC(=O)[O],0
6791,NCC[NH2]CC(=O)[O],0
6792,[NH3]CCOCC(=O)[O],0
6793,OCC[NH2]CC(=O)[O],0
7120,C[NH2]CC(=O)[CH]C=O,0
7207,CC#CC(=O)C(=[NH2])[NH],0
7215,CC#C[C@H](C(=O)[O])[NH3],0
7224,[NH]C(=[NH2])C(=O)CC#C,0
7225,[NH]C(=[NH2])C(=O)CC#N,0
7234,[NH]C(=[NH2])C(=N)OC=O,0
7235,[NH]C(=[NH2])C(=O)CC=O,0
7236,N=CNC(=O)C(=[NH2])[NH],0
7237,[NH]C(=[NH2])C(=O)NC=O,0
7238,N=COC(=O)C(=[NH2])[NH],0
7245,[O]C(=O)C(=N)NC=[NH2],0
7301,[NH3][C@H](C(=O)[O])CC#C,0
7306,C[C@H](C(=O)[O])NC=[NH2],0
7316,C[C@H](C(=O)[O])NC=[NH2],0
7323,CCCC(=O)C(=[NH2])[NH],0
7328,CCNC(=O)C(=[NH2])[NH],0
7333,CCOC(=O)C(=[NH2])[NH],0
7337,COCC(=O)C(=[NH2])[NH],0
7339,[NH]C(=[NH2])C(=O)CCO,0
7360,C[C@H](C(=O)[O])CC[NH3],0
7365,CCC[C@H](C(=O)[O])[NH3],0
7370,C[C@@H](C(=O)[O])[NH2]CC,0
7376,C[NH2]C[C@H](C(=O)[O])N,0
7377,C[NH2]C[C@H](C(=O)[O])O,0
7380,COC[C@H](C(=O)[O])[NH3],0
7384,OCC[C@@H](C(=O)[O])[NH3],0
7385,[NH3]CC[C@H](C(=O)[O])O,0
7401,[NH]C(=[NH2])C(=O)C(=O)C,0
7403,O=C(C(=[NH2])[NH])C(=[NH2])[NH],0
7404,O=C(C(=O)N)C(=[NH2])[NH],0
7410,NC(=[NH2])[C@@H](C(=O)[O])C,0
7417,NC(=[NH2])[C@H](C(=O)[O])O,0
7419,NC(=[NH2])[C@@H](C(=O)[O])N,0
7421,[NH3][C@@H](C(=O)[O])C(=O)N,0
7423,CC(C(=O)C(=[NH2])[NH])C,0
7426,C[C@H](C(=O)C(=[NH2])[NH])O,0
7431,CN(C(=O)C(=[NH2])[NH])C,0
7441,[NH3][C@@H](C(=O)[O])C(C)C,0
7446,C[C@H](C(=O)[O])[NH](C)C,0
7447,C[C@@H](C(=O)[O])[C@H]([NH3])C,0
7448,C[C@H]([C@H](C(=O)[O])N)[NH3],0
7449,C[C@H]([C@H](C(=O)[O])O)[NH3],0
7452,C[C@H]([C@H](C(=O)[O])[NH3])O,0
7566,C[C@]1(CC[NH2]1)C(=O)[O],0
7568,[O]C(=O)C1(C)C[NH2]C1,0
7573,[O]C(=O)C1([NH3])CCC1,0
7574,[O]C(=O)C1(N)C[NH2]C1,0
7575,[O]C(=O)C1([NH3])COC1,0
7576,[O]C(=O)C1(O)C[NH2]C1,0
7606,C[C@H]1C[C@]1([NH3])C(=O)[O],0
7616,O[C@@H]1C[C@@]1([NH3])C(=O)[O],0
7617,N[C@]1(C[C@H]1[NH3])C(=O)[O],0
7618,[NH3][C@H]1C[C@]1(O)C(=O)[O],0
7629,N[C]1C[C@@H](N1)C(=O)[O],0
7649,C[C@H]1C[C@@H]([NH2]1)C(=O)[O],0
7858,C[C@H]1[NH2][C@H]1CC(=O)[O],0
7866,[NH3][C@H]1C[C@H]1CC(=O)[O],0
8233,[O]C(=O)C[C@H]1CC[NH2]1,0
8234,[O]C(=O)CC1C[NH2]C1,0
8235,[O]C(=O)C[NH]1CCC1,0
9196,[NH3]CC(=O)[N]CC#N,0
9320,[NH3]CC[N]C(=O)C#N,0
10144,[NH3]CC[C](C#N)C#N,0
10249,N=CN(C(=[NH2])[NH])C=O,0
10250,O=CN(C(=[NH2])[NH])C=O,0
10283,C[NH2][C@H](C(=O)[O])C#C,0
10289,CO[C@H](C(=[NH2])[NH])C#N,0
10293,[NH3]C[C@H](C(=O)[O])C#C,0
10295,[NH3]C[C@H](C(=O)[O])C#N,0
10322,CCN(C(=[NH2])[NH])C=O,0
10340,CC[C@H](C(=O)[O])C[NH3],0
10343,CC[C@H](C(=O)[O])[NH2]C,0
10348,C[NH2][C@H](C(=O)[O])CO,0
10353,[NH3]C[C@H](C(=O)[O])CO,0
10668,[NH]C(=[NH2])[C@]1(CO1)C#N,0
10712,C[NH2]C1(CC1)C(=O)[O],0
10718,[NH3]CC1(CC1)C(=O)[O],0
10719,[NH3]C[C@]1(CN1)C(=O)[O],0
10720,[NH3]C[C@]1(CO1)C(=O)[O],0
11346,[NH3]CC1=COC(=O)[CH]1,0
11388,[NH3]CC1=C[CH]C(=O)O1,0
11608,[O]C(=O)CC[C@H]1C[NH2]1,0
11609,[O]C(=O)C[NH2]C1CC1,0
12916,[O]C=C1[C@H]2[C@]1(O)C[NH2]2,0
13472,[NH]C(=[NH2])N1CCC1=O,0
13481,N[C]1NC[C@@H]1C(=O)[O],0
13515,C[C@H]1C[NH2][C@H]1C(=O)[O],0
13518,C[C@H]1[NH2]C[C@H]1C(=O)[O],0
13523,C[NH]1CC[C@H]1C(=O)[O],0
13527,[NH3][C@H]1CC[C@H]1C(=O)[O],0
13528,N[C@H]1C[NH2][C@H]1C(=O)[O],0
13529,[NH3][C@H]1CO[C@H]1C(=O)[O],0
13530,O[C@H]1C[NH2][C@H]1C(=O)[O],0
13572,C[C@H]1CN1C(=N)C#N,0
13584,C[C@H]1CN1C(=N)C=O,0
13759,N[CH]N1C[C@@H]1C(=O)[O],0
13798,C[NH2][C@H]1C[C@H]1C(=O)[O],0
13805,[NH3]C[C@H]1C[C@H]1C(=O)[O],0
13806,[NH3]C[C@H]1N[C@H]1C(=O)[O],0
13807,[NH3]C[C@H]1O[C@H]1C(=O)[O],0
13840,[O]C(=O)[C@H]1CN[CH]N1,0
13850,[O]C(=O)[C@H]1CN[CH]N1,0
13851,[O]C(=O)[C@H]1[NH2]CC=C1,0
13858,[NH]C(=[NH2])C1OCCO1,0
13865,[O]C(=O)[C@H]1CCC[NH2]1,0
13866,[O]C(=O)[C@@H]1C[NH2]CC1,0
13906,[O]C(=O)[C@@H]1[C@@H]([C@@H]1C)[NH3],0
13912,N[C@H]1[C@H]([C@H]1C(=O)[O])[NH3],0
13913,[O]C(=O)[C@@H]1[C@@H]([C@@H]1[NH3])O,0
14120,[O]C(=O)[C@@]12C[C@H]2C[NH2]1,0
17373,[O]C(=O)[C@H]1[NH2][C@@H]2[C@H]1C2,0
17600,O=C(C(=[NH2])[NH])C1CC1,0
17601,[NH]C(=[NH2])C(=O)[C@H]1CN1,0
17602,[NH]C(=[NH2])C(=O)[C@H]1CO1,0
17603,O=C(C(=[NH2])[NH])N1CC1,0
17639,C[C@H](C(=O)[O])[C@H]1C[NH2]1,0
17649,[NH3][C@H](C(=O)[O])C1CC1,0
17650,[NH3][C@H](C(=O)[O])[C@H]1CN1,0
17651,[NH3][C@H](C(=O)[O])[C@H]1CO1,0
17838,[O]C(=O)[C@@H]1[C@H]2[C@@H]1C[NH2]2,0
20390,C1Cc2c(N1)onn2,0
20398,C1Cc2c(O1)onn2,0
20482,C1Oc2c(O1)nno2,0
20490,O1Cc2c(C1)nno2,0
20560,C[C@H](c1c[nH]nn1)[NH3],0
20562,C[C@H](c1nnn[nH]1)[NH3],0
20642,Cc1cc(=O)nno1,0
20652,Cc1ccn[nH]c1=N,0
20662,C[C@H]1C=N[N]NC1=N,0
20679,Cc1connc1=O,0
20680,N=c1cn[nH]c(n1)C,0
20682,CC1NNNC(N1)[NH],0
20683,C[C@@H]1ON=NC(=N1)[NH],0
20684,[NH]C1=N[C@@H](C=NN1)C,0
20692,O=c1nnoc(n1)C,0
20718,CC1=NNC(=NC1)[NH],0
20740,N=c1nc[nH]nc1C,0
20853,CCc1noc(=N)o1,0
20903,CCn1cnoc1=N,0
20915,CCn1ncoc1=N,0
20923,CCn1nn[nH]c1=N,0
20925,CCn1nnoc1=N,0
20983,Cn1c(O)n[nH]c1=N,0
20984,Cn1c(C)noc1=N,0
20985,Cn1c(N)noc1=N,0
20986,Cn1c(O)noc1=N,0
21017,Cn1cnc(=N)cn1,0
21018,CN1CNC(NN1)[NH],0
21036,Cc1nn(c(=N)o1)C,0
21047,Cn1nc(oc1=N)N,0
21056,Cn1nc([nH]c1=N)O,0
21058,Cn1nc(oc1=N)O,0
21081,Cn1ncccc1=N,0
21083,[NH]C1=NCC=NN1C,0
21091,CN1NNC(NN1)[NH],0
21110,CN1[N]N=CCC1=N,0
21114,N=c1n(C)nnn1C,0
21119,C[N]C1=N[N]OC=C1,0
21120,CN=c1cn[nH]cn1,0
21127,C[N]C1=NCON=N1,0
21133,CN=c1cccn[nH]1,0
21134,C[N]C1=NCC=NN1,0
21136,CN=C1CC=N[N]N1,0
21165,CNc1nnoc1N,0
21216,CNc1noc(=N)[nH]1,0
21217,CNc1noc(=N)o1,0
21282,COc1n[nH]c(=N)[nH]1,0
21294,COc1noc(=N)o1,0
21364,c1cc2c([nH]1)onn2,0
21400,[NH]C1NNOC(=N)N1,0
21401,N=c1onc([nH]1)C#C,0
21402,N=c1onc([nH]1)C#N,0
21409,N=c1onc([nH]1)C=O,0
21410,N=c1[nH]cnn1C=O,0
21415,N=c1[nH]c(n[nH]1)C#N,0
21418,N=c1[nH]ncn1C=O,0
21420,N=c1nn[nH]c(=N)[nH]1,0
21423,N=c1[nH]nnn1C=O,0
21430,N=c1ocnn1C=O,0
21433,N=c1oc(no1)C#C,0
21434,N=c1oc(no1)C#N,0
21435,N=c1oc(no1)C=O,0
21436,C1Cc2n1c(=N)on2,0
21438,N=c1oncn1C=O,0
21442,N=c1onnn1C=O,0
21464,N=COc1cnno1,0
21478,[NH]C(=[NH2])c1ccno1,0
21480,[NH]C(=[NH2])c1cnno1,0
21481,[NH]C(=[NH2])c1c[nH]nn1,0
21482,[NH]C(=[NH2])c1conc1,0
21483,[NH]C(=[NH2])c1conn1,0
21485,[NH]C(=[NH2])c1ncno1,0
21486,[NH]C(=[NH2])c1n[nH]cn1,0
21487,[NH]C(=[NH2])c1cn[nH]n1,0
21488,[NH]C(=[NH2])c1n[nH]nn1,0
21489,[NH]C(=[NH2])c1ccon1,0
21490,[NH]C(=[NH2])c1nocn1,0
21491,[NH]C(=[NH2])c1cnon1,0
21492,[NH]C(=[NH2])c1nonn1,0
21493,[NH]C(=[NH2])n1nnnn1,0
21521,Nc1onnc1C=O,0
21534,Nc1onnc1C#C,0
21535,Nc1onnc1C#N,0
21555,NC1=CC(=N[N]O1)[NH],0
21567,Nc1cc(=O)nno1,0
21578,Nc1ccn[nH]c1=N,0
21588,N[C@H]1C=N[N]NC1=N,0
21596,[NH]C1=C(N)CNN=C1,0
21610,N[C@@H]1NN=NC(=N1)[NH],0
21611,N[C@@H]1ON=NC(=N1)[NH],0
21620,O=c1nnoc(n1)N,0
21664,N=c1nc[nH]nc1N,0
21716,[NH3]Cc1c([O])cn[nH]1,0
21717,[NH3]Cc1oncc1[O],0
21718,[NH3]C[C]1ON=NC1=O,0
21719,[NH3]CC1NNNC1=O,0
21720,[NH3]C[C]1C=NOC1=O,0
21721,[NH3]Cc1n[nH]oc1=O,0
21725,[NH3]Cc1n[nH]c(=O)o1,0
21726,[NH3]Cc1nc(n[nH]1)O,0
21727,[NH3]Cc1n[nH]cc1[O],0
21728,[NH3]Cc1noc(n1)[NH],0
21729,[NH3]CC1=NOC(=O)[CH]1,0
21730,[NH3]Cc1nocc1[O],0
21732,[NH3]Cc1no[nH]c1=O,0
21741,c1cc2c(o1)onn2,0
21748,c1nc2c(o1)onn2,0
21758,n1oc2c(c1)nno2,0
21764,n1nc2c(o1)onn2,0
21838,O=COc1cnno1,0
21857,OC1=CC(=N[N]O1)[NH],0
21859,Oc1cc(=O)nno1,0
21860,Oc1ccn[nH]c1=N,0
21866,N=c1cn[nH]cc1O,0
21867,N=c1cn[nH]c(n1)O,0
21869,O[C@@H]1NN=NC(=N1)[NH],0
21870,O[C@@H]1ON=NC(=N1)[NH],0
21875,O=c1nnoc(n1)O,0
21898,Oc1n[nH]ccc1=N,0
21938,OCc1noc(=N)o1,0
22090,NC(=[NH2])CC(=N[O])C#N,0
22093,NC(=[NH2])CC(=N[O])C=O,0
22097,O=CC(=N[O])C[NH](C)C,0
22111,OCC(=N[O])CC(=[NH2])N,0
22229,CC(=N[O])C(=O)C[NH2]C,0
22230,C[NH2]CC(=N[O])C(=O)C,0
22231,C[NH2]CC(=N[O])C(=O)N,0
22249,CC(=N[O])[C@H](C(=[NH2])N)O,0
22265,[O]N=C(C1(O)C[NH2]C1)C,0
22452,C[C@@H](C(=N[O])C=O)[NH2]C,0
22465,[O]N=C(C#N)CNC=[NH2],0
22469,[NH2]=CNCC(=N[O])C=O,0
22471,[O]N=C(C#N)CNC=[NH2],0
22472,[NH2]=CNCC(=N[O])C=O,0
22492,[NH2]=CNCC(=N[O])CO,0
22498,CC[NH2]CC(=N[O])C=O,0
22499,C[NH2]CCC(=N[O])C=O,0
22543,CC(=N[O])[C@H](C#C)[NH2]C,0
22681,[O]N=C(C=O)C[C@H]1C[NH2]1,0
22971,[O]N=C(C#N)[C@H]1CC[NH2]1,0
22972,[O]N=C(C1C[NH2]C1)C#N,0
22973,[O]N=C([C@H]1CC[NH2]1)C=O,0
22979,OCC(=N[O])[C@H]1CC[NH2]1,0
23066,[O]N=C([C@@]12CC[N@H]2C1)C,0
23140,[O]N=C([C@H]1C[NH2]1)CC#C,0
23149,C[NH2]CC(=N[O])[C@H]1CN1,0
23152,COCC(=N[O])[C@H]1C[NH2]1,0
23615,[O]N=C([C@H]1CO1)[C@H]1C[NH2]1,0
23619,N=c1ccoc(c1)F,0
23620,N=c1nc[nH]c(c1)F,0
23621,N=c1ncoc(c1)F,0
23625,Fc1nc(=N)cc[nH]1,0
23626,Fc1nc(=N)cco1,0
23627,Fc1nc(=N)nc[nH]1,0
23628,Fc1nc(=N)nco1,0
23631,Fc1nc[nH]c(=N)c1,0
23632,Fc1ccoc(=N)c1,0
23633,Fc1ncoc(=N)c1,0
23639,[NH]C1=N[C@@H](N=CN1)F,0
23641,[NH]C1=N[C@@H](N=CO1)F,0
23698,[NH]C1=NC=N[C@@H](N1)F,0
23699,[NH]C1=NC=N[C@@H](O1)F,0
23700,Fc1ncnc(=O)o1,0
23724,Fc1c[nH]c(=N)cn1,0
23725,Fc1cnc(=N)[nH]c1,0
23729,Fc1ccc(=N)oc1,0
23763,FC1=C([NH])NC=CC1,0
23771,N=c1[nH]ccnc1F,0
23775,N=c1cc[nH]cc1F,0
23777,FC1=C([NH])N=CNC1,0
23778,N=c1ccocc1F,0
23780,Fc1cocnc1=N,0
23790,Fc1cc(=N)cn[nH]1,0
23793,FC1=CC(=N[N]O1)[NH],0
23794,Fc1cc(=N)[nH]nc1,0
23795,N=C1N[N]N=C(C1)F,0
23799,Fc1cc(=O)nno1,0
23814,N=c1cn[nH]cc1F,0
23819,Fc1connc1=O,0
23822,F[C@@H]1ON=NC(=N1)[NH],0
23823,[NH]C1=N[C@@H](C=NN1)F,0
23828,O=c1nnoc(n1)F,0
23833,Fc1ncn[nH]c1=N,0
23839,Fc1ccc(=N)[nH]n1,0
23841,Fc1cnc(=N)[nH]n1,0
24774,N=c1ncn2c(c1)CC2,0
24775,C1CN2[C]1[N]C(=N)C=C2,0
24776,C1CN2[C]1[N]C(=N)N=C2,0
24781,N=c1ccnc2n1CC2,0
24782,N=c1ncnc2n1CC2,0
24788,N=c1cc(C#C)[nH]cn1,0
24789,N=c1cc(C#N)[nH]cn1,0
24790,N=c1cc(ocn1)C#C,0
24791,N=c1cc(ocn1)C#N,0
24792,N=c1cc[nH]c(n1)C#C,0
24793,N=c1cc[nH]c(n1)C#N,0
24796,N=c1ccoc(n1)C#C,0
24797,N=c1ccoc(n1)C#N,0
24800,N=c1nc(ocn1)C#N,0
24813,N#CC1=C([NH])C=CNC1,0
24814,C#CC1=C([NH])C=COC1,0
24815,N#CC1=C([NH])C=COC1,0
24816,C#CC1=C([NH])N=CNC1,0
24817,N#CC1=C([NH])N=CNC1,0
24871,N#Cc1ccnc(=N)[nH]1,0
24874,N=c1ccnc([nH]1)C#C,0
24875,N=c1ccnc([nH]1)C#N,0
24877,N=c1ncnc([nH]1)C#N,0
24878,[NH]C1=CCC=C(O1)C#C,0
24879,[NH]C1=CCC=C(O1)C#N,0
24887,[NH]C1=NC=N[C@H](O1)C#N,0
24916,N=c1oc2c([nH]1)C=CC2,0
24917,N=c1[nH]c2c([nH]1)cco2,0
24918,N=c1[nH]c2c([nH]1)nco2,0
24919,N=c1[nH]c2c(o1)[nH]cc2,0
24920,N=c1[nH]c2c(o1)[nH]cn2,0
24921,N=c1oc2c([nH]1)CC=C2,0
24922,N=c1oc2c([nH]1)[nH]cc2,0
24923,N=c1oc2c([nH]1)occ2,0
24924,N=c1oc2c([nH]1)[nH]cn2,0
24925,N=c1oc2c([nH]1)ocn2,0
24926,N=c1oc2c([nH]1)cco2,0
24927,N=c1oc2c([nH]1)nco2,0
24928,N=c1oc2c(o1)CC=C2,0
24929,N=c1oc2c(o1)cc[nH]2,0
24930,N=c1oc2c(o1)cco2,0
24931,N=c1oc2c(o1)nc[nH]2,0
24932,N=c1oc2c(o1)nco2,0
24970,N=c1[nH]c2c(o1)CCC2,0
24971,N=c1oc2c([nH]1)NCC2,0
24972,N=c1oc2c([nH]1)OCC2,0
24973,N=c1[nH]c2c(o1)COC2,0
24974,N=c1oc2c([nH]1)CCO2,0
24975,N=c1[nH]c2c(o1)OCO2,0
24976,N=c1oc2c(o1)CCC2,0
24977,N=c1oc2c(o1)CNC2,0
24978,N=c1oc2c(o1)COC2,0
24979,N=c1oc2c(o1)CCN2,0
24980,N=c1oc2c(o1)CCO2,0
24981,N=c1oc2c(o1)OCO2,0
25013,N=c1occ([nH]1)C1CC1,0
25014,C1N[C@H]1c1coc(=N)[nH]1,0
25015,C1O[C@H]1c1coc(=N)[nH]1,0
25016,N=c1occ([nH]1)N1CC1,0
25017,N=c1[nH]cc(o1)C1CC1,0
25018,C1N[C@H]1c1c[nH]c(=N)o1,0
25019,C1O[C@H]1c1c[nH]c(=N)o1,0
25020,N=c1[nH]cc(o1)N1CC1,0
25021,N=c1occ(o1)C1CC1,0
25022,C1N[C@H]1c1coc(=N)o1,0
25023,C1O[C@H]1c1coc(=N)o1,0
25024,N=c1occ(o1)N1CC1,0
25059,C(c1coc(=N)[nH]1)C#C,0
25060,C(c1coc(=N)[nH]1)C#N,0
25061,C(c1c[nH]c(=N)o1)C#C,0
25062,C(c1c[nH]c(=N)o1)C#N,0
25063,C(c1coc(=N)o1)C#C,0
25064,C(c1coc(=N)o1)C#N,0
25076,N=c1occ2n1CC=C2,0
25079,C1C=Cn2c1coc2=N,0
25082,N=c1occ2n1CCC2,0
25083,C1CNc2n1c(=N)oc2,0
25084,C1COc2n1c(=N)oc2,0
25131,[NH]C1=N[C@@H](N=CN1)C#N,0
25155,N=c1occn1C1CC1,0
25158,C(n1ccoc1=N)C#C,0
25159,C(n1ccoc1=N)C#N,0
25165,N=c1c(cnc[nH]1)C#C,0
25167,N=c1occcc1C#C,0
25168,N=c1occcc1C#N,0
25171,N=c1ocncc1C#C,0
25172,N=c1ocncc1C#N,0
25328,N=c1cc(C=O)[nH]cn1,0
25329,N=c1cc(C=O)ocn1,0
25330,N=c1cc[nH]c(n1)C=O,0
25331,N=c1ccoc(n1)C=O,0
25332,N=c1nc(C=O)ocn1,0
25338,N=c1cc(C=O)nc[nH]1,0
25339,[NH]C1=N[C@@H](N=CN1)C=O,0
25342,N=c1cc(C=O)nco1,0
25383,N=c1ccnc([nH]1)C=O,0
25384,N=c1ncnc([nH]1)C=O,0
25385,O=Cc1cccc(=N)o1,0
25388,N=c1ccnc(o1)C=O,0
25389,[NH]C1=NC=N[C@@H](O1)C=O,0
25400,O=CC1=C([NH])NCC=N1,0
25402,N=c1occcc1C=O,0
25404,N=c1ocncc1C=O,0
25435,O=CC1=C([NH])C=COC1,0
25441,O=Cn1ccc(=N)nc1,0
25442,O=Cn1cnc(=N)nc1,0
25461,O=Cn1ccccc1=N,0
25462,N=c1ccncn1C=O,0
25463,O=Cn1ccncc1=N,0
25464,[NH]C1=NC=CCN1C=O,0
25465,O=CN1C=NCN=C1[NH],0
25524,C(c1coc(=N)[nH]1)C=O,0
25525,N=c1occ([nH]1)NC=O,0
25526,C(c1c[nH]c(=N)o1)C=O,0
25527,N=c1oc(c[nH]1)NC=O,0
25528,C(c1coc(=N)o1)C=O,0
25529,N=c1oc(co1)NC=O,0
25530,N=c1oc(co1)OC=O,0
25531,[CH]1OC(=O)N=C1NC=[NH2],0
25533,N=COc1c[nH]c(=N)o1,0
25536,N=COc1coc(=N)o1,0
25551,C(n1ccoc1=N)C=O,0
25680,CC#Cc1c[nH]c(=N)o1,0
25683,CC#Cc1coc(=N)[nH]1,0
25684,CC#Cc1coc(=N)o1,0
25729,Cc1ncoc1C(=[NH2])[NH],0
25731,[NH]C(=[NH2])c1ocnc1N,0
25734,[NH]C(=[NH2])c1ocnc1O,0
25755,Cc1ocnc1C(=[NH2])[NH],0
25757,[NH]C(=[NH2])c1ncoc1N,0
25779,Cc1cc(oc1)C(=[NH2])[NH],0
25781,Cc1coc(n1)C(=[NH2])[NH],0
25783,Nc1coc(c1)C(=[NH2])[NH],0
25784,Nc1coc(n1)C(=[NH2])[NH],0
25785,[NH]C(=[NH2])c1nc(co1)O,0
25809,Cc1cnc(o1)C(=[NH2])[NH],0
25813,Cc1ncc(o1)C(=[NH2])[NH],0
25817,Nc1ncc(o1)C(=[NH2])[NH],0
25819,[NH]C(=[NH2])c1cnc(o1)O,0
25820,Nc1cnc(o1)C(=[NH2])[NH],0
25829,NC1=CN[C@H](N1)C(=O)[O],0
25841,[NH]C(=[NH2])c1ncccn1,0
25842,[NH]C(=[NH2])c1ncncn1,0
25853,CC(=O)c1c[nH]c(=N)o1,0
25856,CC(=O)c1coc(=N)o1,0
25860,NC(=[NH2])C1=NC(=O)N[CH]1,0
25861,[NH]c1occ(n1)C(=[NH2])N,0
25862,NC(=[NH2])C1=NC(=O)O[CH]1,0
25863,NC(=O)c1c[nH]c(=N)o1,0
25866,NC(=O)c1coc(=N)o1,0
25883,Cc1nc(co1)C(=[NH2])[NH],0
25885,Nc1occ(n1)C(=[NH2])[NH],0
25886,NC(=[NH2])C1=COC(=O)[CH]1,0
25902,NC(=[NH2])c1c[nH]cc1[O],0
25903,NC(=[NH2])c1cocc1[O],0
25931,NC(=[NH2])N1C=N[CH]C1=O,0
25937,CC(=O)n1cc[nH]c1=N,0
25939,CC(=O)n1ccoc1=N,0
25941,[NH]C(=[NH2])n1cc[nH]c1=O,0
25942,[NH]C(=[NH2])n1ccoc1=O,0
25943,NC(=O)n1cc[nH]c1=N,0
25945,NC(=O)n1ccoc1=N,0
25974,[NH]C(=[NH2])Oc1ncco1,0
26122,C[C@H](c1occc1[O])[NH3],0
26153,C[C@H]([C]1C=COC1=O)[NH3],0
26154,C[C@H]([C]1N=COC1=O)[NH3],0
26187,C[C@H](c1cc(co1)[O])[NH3],0
26229,C[C@H](C1=C[CH]C(=O)O1)[NH3],0
26230,C[C@H](c1c[nH]c(=O)o1)[NH3],0
26293,CC(c1c[nH]c(=N)o1)C,0
26296,CC(c1coc(=N)[nH]1)C,0
26297,CC(c1coc(=N)o1)C,0
26300,C[C@H](c1c[nH]c(=N)o1)O,0
26303,C[C@H](c1coc(=N)[nH]1)O,0
26304,C[C@H](c1coc(=N)o1)O,0
26307,CN(c1c[nH]c(=N)o1)C,0
26310,CN(c1coc(=N)o1)C,0
26323,C[C@H](C1=COC(=O)[CH]1)[NH3],0
26324,C[C@H](C1=NC(=O)O[CH]1)[NH3],0
26349,C[C@H](c1cocc1[O])[NH3],0
26375,CC(n1ccoc1=N)C,0
26528,C[C@@H]1NC=NC(=C1N)[NH],0
26539,CC1=C([O])C(=CCO1)N,0
26540,C[C@@H]1NC=NC(=C1O)[NH],0
26547,N=c1ccoc(c1C)O,0
26549,N=c1ncoc(c1C)O,0
26556,N[C@@H]1NC=CC(=C1O)[NH],0
26558,N[C@@H]1NC=NC(=C1O)[NH],0
26567,NC1=C([NH])C=CO[C@@H]1O,0
26580,Cc1ccoc(=N)c1N,0
26581,Cc1ncoc(=N)c1N,0
26592,Cc1nc[nH]c(=N)c1O,0
26593,Cc1ccoc(=N)c1O,0
26594,Cc1ncoc(=N)c1O,0
26600,Oc1nc[nH]c(=N)c1C,0
26602,Oc1ncoc(=N)c1C,0
26846,[NH]C1=CCC(=C(O1)C)C,0
26855,[NH]C1=CCC(=C(O1)C)N,0
26873,[NH]C1=CCC(=C(O1)C)O,0
26877,Cc1c(O)ncc(=N)[nH]1,0
26894,Nc1oc(=O)ncc1N,0
26904,Nc1c(O)ncc(=N)[nH]1,0
26921,Oc1c(O)ncc(=N)[nH]1,0
27011,C#Cc1[nH]c(=N)oc1C,0
27014,C#Cc1oc(=N)[nH]c1C,0
27015,N#Cc1oc(=N)[nH]c1C,0
27016,C#Cc1oc(=N)oc1C,0
27017,N#Cc1oc(=N)oc1C,0
27021,C#Cc1[nH]c(=N)oc1N,0
27024,C#Cc1oc(=N)[nH]c1N,0
27025,N#Cc1oc(=N)[nH]c1N,0
27026,C#Cc1oc(=N)oc1N,0
27027,N#Cc1oc(=N)oc1N,0
27037,O=Cc1oc(=N)[nH]c1C,0
27038,O=Cc1oc(=N)oc1C,0
27043,O=Cc1oc(=N)[nH]c1N,0
27044,O=Cc1oc(=N)oc1N,0
27294,C[C@@H]1OC=C(C(=C1)N)[O],0
27307,Nc1occ(c(=N)n1)C,0
27309,Oc1occ(c(=N)c1)C,0
27311,Oc1occ(c(=N)n1)C,0
27314,CC1=NC(=C(CO1)N)[NH],0
27315,CC1=NC(=C(CN1)O)[NH],0
27323,N[C@@H]1OC=C(C(=C1)N)[O],0
27329,OC1=NC(=C(CN1)N)[NH],0
27335,Nc1occ(c(=N)n1)N,0
27336,N[C@H]1NC(=N)C(=CN1)[O],0
27343,OC1=NC(=C(CN1)O)[NH],0
27361,O[C@H]1NC(=NC(=C1)[NH])C,0
27363,Cc1[nH]c(C)nc(=N)n1,0
27364,Cc1oc(C)nc(=N)n1,0
27365,Cc1nc(N)[nH]c(=N)n1,0
27366,Cc1oc(N)nc(=N)n1,0
27367,Cc1[nH]c(O)nc(=N)n1,0
27368,Cc1oc(O)nc(=N)n1,0
27389,N[C]1NC(=N)[CH]C(=O)N1,0
27390,Nc1oc(N)nc(=N)n1,0
27391,Oc1nc(N)[nH]c(=N)n1,0
27392,Nc1oc(O)nc(=N)n1,0
27402,Oc1[nH]c(O)nc(=N)n1,0
27403,Oc1oc(O)nc(=N)n1,0
27475,Cc1cc(=N)[nH]c(=N)o1,0
27493,N=C1NC(=C[C@@H](O1)N)[NH],0
27800,[NH]C1=NC(=N[C@@H](N1)O)C,0
27802,N[C@@H]1OC(=NC(=N1)C)[NH],0
27804,[NH]C1=NC(=N[C@@H](O1)O)C,0
27814,Cc1nc(C)[nH]c(=N)n1,0
27824,Oc1cc(=N)[nH]c(n1)C,0
27825,Oc1cc(=N)oc(n1)C,0
27828,O[C@@H]1N=C(C)NC(=N1)[NH],0
27863,O[C@H]1N=C([NH])NC(=N1)N,0
27870,O[C@H]1N=C([NH])OC(=N1)O,0
27871,Oc1nc(O)oc(=O)n1,0
27974,Cc1cn(c(=N)[nH]1)C=O,0
27975,Cc1cn(c(=N)o1)C=O,0
27978,Nc1cn(c(=N)[nH]1)C=O,0
27979,Nc1cn(c(=N)o1)C=O,0
27982,Oc1cn(c(=N)[nH]1)C=O,0
27983,Oc1cn(c(=N)o1)C=O,0
28339,Cc1ccc(c(=N)o1)N,0
28345,Cc1ccc(c(=N)o1)O,0
28357,Nc1ncc(c(=N)o1)C,0
28362,Oc1ncc(c(=N)[nH]1)C,0
28364,Oc1ncc(c(=N)o1)C,0
28366,Cc1ncc(c(=N)o1)C,0
28369,Cc1ncc(c(=N)o1)N,0
28375,Cc1ncc(c(=N)[nH]1)O,0
28376,Cc1ncc(c(=N)o1)O,0
28384,NC1=CCC(=C(N1)N)[O],0
28403,Oc1cnc(c(=N)[nH]1)N,0
28411,Oc1ncc(c(=N)o1)O,0
29126,Cc1c[nH]c(=N)c(n1)O,0
29133,Cc1cc(N)c(=N)oc1,0
29135,Cc1cc(O)c(=N)oc1,0
29146,Cc1nc(O)c[nH]c1=N,0
29150,NC1=CC(=CN[C@@H]1N)[O],0
29152,Nc1cc(O)coc1=N,0
29157,Nc1cc(N)coc1=N,0
29159,Nc1cc(O)c(=N)oc1,0
29168,OC1=CNC(=C(C1)[O])N,0
29169,Oc1nc(O)c[nH]c1=N,0
29170,Oc1cc(O)coc1=N,0
29172,Cc1c[nH]c(=N)n1C=O,0
29174,Cc1coc(=N)n1C=O,0
29176,Nc1c[nH]c(=N)n1C=O,0
29178,Nc1coc(=N)n1C=O,0
29180,Oc1c[nH]c(=N)n1C=O,0
29213,[NH]C1=NCC(=C(N1)N)N,0
29240,Cc1coc(=N)[nH]c1=N,0
29251,N=C1OCC(=C(N1)[NH])N,0
29260,Oc1coc(=N)[nH]c1=N,0
29558,CC1=C(N)C(=COC1)[O],0
29561,[NH]C1=C(N)CNC=C1O,0
29564,NC1=C([O])COC=C1N,0
29566,Oc1c[nH]cc(c1=N)O,0
29624,Cn1c(O)nccc1=N,0
29626,Cn1c(C)ncnc1=N,0
29639,N=c1oc(c(n1C)C)C,0
29640,Cc1oc(=N)n(c1O)C,0
29641,Nc1oc(=N)n(c1C)C,0
29642,N=c1oc(c(n1C)N)N,0
29643,Nc1oc(=N)n(c1O)C,0
29644,Oc1oc(=N)n(c1C)C,0
29645,Oc1oc(=N)n(c1N)C,0
29646,N=c1oc(c(n1C)O)O,0
29663,Cn1c(coc1=N)C#C,0
29664,Cn1c(coc1=N)C#N,0
29668,Cn1c(C=O)coc1=N,0
29675,N=c1ccoc(=N)n1C,0
29677,N=c1ncoc(=N)n1C,0
29846,Cn1cc(oc1=N)C#C,0
29847,Cn1cc(oc1=N)C#N,0
29851,Cn1cc(oc1=N)C=O,0
29865,CC1=C([NH])N=CN(C1)C,0
29866,CN1CC(=C(N=C1)[NH])N,0
29867,CN1CC(=C(N=C1)[NH])O,0
29871,CN1CC=C(N=C1O)[NH],0
29880,Cc1nc(=N)ncn1C,0
29881,Cn1cnc(=N)nc1O,0
29947,Cc1ncn(c(=N)n1)C,0
29951,Oc1ncn(c(=N)c1)C,0
29953,CN1C=N[C@H](N=C1[NH])O,0
29961,Cn1ccn(c1=N)C=O,0
30048,Cn1cncc(c1=N)O,0
30202,C[C@H]1C[C]2N1C(=N)O[CH]2,0
30230,C[C@H]1CN2[C]1[CH]OC2=N,0
30232,N[C@H]1CN2[C]1[CH]OC2=N,0
30234,O[C@H]1CN2[C]1[CH]OC2=N,0
30372,C[N]C1=CCN(C=N1)C,0
30373,CN=c1ncn(cn1)C,0
30375,CN=c1ncncn1C,0
30390,C[N]C1=CCNC(=N1)O,0
30396,C[N]C1=CCOC(=N1)O,0
30397,CN=c1nc[nH]c(n1)C,0
30398,CN=c1ncnc([nH]1)N,0
30399,CN=c1nc(O)[nH]cn1,0
30401,CN=c1nc(N)ocn1,0
30406,C[N]C1=CCOC=C1O,0
30408,C[N]C1=C(N)CNC=N1,0
30409,CN=c1nc[nH]cc1O,0
30412,CN=c1ccoc(=N)[nH]1,0
30435,CN=c1ncnc([nH]1)C,0
30443,C[N]C1=NCN=C(O1)C,0
30449,CN=c1cccc(o1)O,0
30457,CN=c1ncc(c[nH]1)O,0
30462,C[N]C1=CCC(=CO1)N,0
30465,CN=c1ccc(co1)O,0
30476,CN=c1occc(=N)[nH]1,0
30477,CN=c1ocnc(=N)[nH]1,0
30488,CN=c1[nH]cnc(n1)C,0
30490,C[N]C1=N[C@@H](N=CN1)O,0
30493,CN=c1cc(N)cco1,0
30495,CN=c1cc(O)cco1,0
30499,CN=c1cc(N)nco1,0
30509,CN=c1occcc1N,0
30510,CN=c1occcc1O,0
30516,CN=c1ocncc1O,0
30548,NC=Nc1coc(=N)o1,0
30549,[CH]1OC(=O)N=C1NC=[NH2],0
30553,[O]c1cocc1NC=[NH2],0
30706,[NH3]Cc1occ(c1C)[O],0
30713,[NH3]Cc1occ(c1[O])C,0
30762,[NH3]Cc1occ(c1[O])N,0
30763,[NH3]Cc1occ(c1[O])O,0
30787,[NH3]CC1=C(C)[CH]C(=O)O1,0
30788,CC1=NC(=O)O[C]1C[NH3],0
30798,[NH3]Cc1oc(cc1[O])C,0
30902,[NH3]CC1=C(N)[CH]C(=O)O1,0
30903,[NH3]Cc1oc(cc1[O])N,0
30904,[NH3]Cc1oc(=O)[nH]c1O,0
30928,NCc1[nH]c(=N)oc1C,0
30929,OCc1[nH]c(=N)oc1C,0
30932,OCc1oc(=N)[nH]c1C,0
30933,OCc1oc(=N)oc1C,0
30936,CCc1oc(=N)[nH]c1C,0
30939,CCc1[nH]c(=N)oc1C,0
30940,CCc1oc(=N)oc1C,0
30945,CCc1[nH]c(=N)oc1N,0
30946,CCc1oc(=N)oc1N,0
30949,CCc1oc(=N)[nH]c1O,0
30951,CCc1oc(=N)oc1O,0
30953,CNc1oc(=N)[nH]c1C,0
30955,CNc1[nH]c(=N)oc1C,0
30956,CNc1oc(=N)oc1C,0
30959,CNc1oc(=N)[nH]c1N,0
30961,CNc1[nH]c(=N)oc1N,0
30962,CNc1oc(=N)oc1N,0
30967,CNc1[nH]c(=N)oc1O,0
30968,CNc1oc(=N)oc1O,0
30973,COc1[nH]c(=N)oc1C,0
30974,COc1oc(=N)oc1C,0
30977,COc1oc(=N)[nH]c1N,0
30980,COc1oc(=N)oc1N,0
30984,COc1oc(=N)oc1O,0
30986,OCc1[nH]c(=N)oc1N,0
30989,OCc1oc(=N)[nH]c1N,0
30990,OCc1oc(=N)oc1N,0
30993,NCc1[nH]c(=N)oc1N,0
30994,[NH3]Cc1oc(nc1O)[NH],0
30995,[NH3]C[C]1OC(=O)NC1=O,0
30996,[NH3]C[C]1OC(=O)OC1=O,0
30998,OCc1oc(=N)oc1O,0
31000,[NH3]CC1=C(C)OC(=O)[CH]1,0
31007,CC1=C[C](C(=O)O1)C[NH3],0
31013,CC1=N[C](C(=O)O1)C[NH3],0
31107,[NH3]CC1=C(N)OC(=O)[CH]1,0
31109,[NH3]C[C]1C=C(OC1=O)N,0
31110,[NH3]C[C]1N=C(OC1=O)N,0
31111,[NH3]C[C]1C=C(OC1=O)O,0
31112,[NH3]C[C]1N=C(OC1=O)O,0
31115,[NH3]Cc1c(C)occ1[O],0
31125,[NH3]C[C]1C(=COC1=O)C,0
31170,[NH3]Cc1c(N)occ1[O],0
31171,[NH3]C[C]1C(=COC1=O)N,0
31344,CCc1cc(=N)nc[nH]1,0
31345,CCc1cc(=N)nco1,0
31351,CCc1nc(=N)nc[nH]1,0
31352,CCc1nc(=N)nco1,0
31356,CNc1cc(=N)nco1,0
31361,CNC1=NC(=CCO1)[NH],0
31362,CNc1ncnc(=N)[nH]1,0
31363,CNc1nc(=N)nco1,0
31369,COc1cc(=N)nco1,0
31374,COc1nc(=N)cc[nH]1,0
31375,COc1nc(=N)cco1,0
31376,COc1nc(=N)nc[nH]1,0
31377,COc1nc(=N)nco1,0
31383,[NH3]Cc1ncnc(=O)[nH]1,0
31384,[NH]C1=C[C@H](CO)NC=N1,0
31389,[NH]C1=CCNC(=N1)CO,0
31391,OCc1nc(=N)nc[nH]1,0
31392,OCc1nc(=N)nco1,0
31395,CCc1ccoc(=N)c1,0
31396,CCc1cc(=N)ocn1,0
31401,CCc1nc(=N)[nH]cn1,0
31408,CNc1ccoc(=N)c1,0
31409,CNc1cc(=N)ocn1,0
31420,COc1cc(=N)[nH]cn1,0
31422,COc1cc(=N)ocn1,0
31434,NCc1nc(=N)[nH]cn1,0
31435,OCc1ccoc(=N)c1,0
31441,OCc1nc(=N)[nH]cn1,0
31503,C[C]1C=C(OC1=O)C[NH3],0
31599,[NH3]CC1=C[C](C(=O)O1)O,0
31625,CCc1cn(c(=N)o1)C,0
31629,Cn1cc(oc1=N)CO,0
31631,CNc1cn(c(=N)o1)C,0
31633,COc1cn(c(=N)o1)C,0
32005,CCc1cccc(=N)o1,0
32017,CCc1ncnc(=N)[nH]1,0
32018,CCC1=NCN=C(O1)[NH],0
32021,CNc1cccc(=N)o1,0
32035,COc1cccc(=N)o1,0
32053,OCc1cccc(=N)o1,0
32067,OCc1ncnc(=N)[nH]1,0
32068,[NH]C1=NCN=C(O1)CO,0
32275,[NH3]Cc1ncncc1[O],0
32288,CCc1cncoc1=N,0
32294,CNc1cccoc1=N,0
32297,CNc1cncoc1=N,0
32303,COc1cccoc1=N,0
32305,COc1cnc[nH]c1=N,0
32307,COc1cncoc1=N,0
32309,COc1ncc[nH]c1=N,0
32319,OCc1ncc[nH]c1=N,0
32324,Cn1c(CC)coc1=N,0
32326,Cn1c(CN)coc1=N,0
32327,Cn1c(CO)coc1=N,0
32332,Cn1c(OC)coc1=N,0
32346,CNC1=COC(=CC1)[NH],0
32352,COc1c[nH]c(=N)cn1,0
32356,COc1ccc(=N)oc1,0
32362,OCc1c[nH]c(=N)cn1,0
32366,OCc1ccc(=N)oc1,0
32410,[NH3]Cc1coc(c1[O])C,0
32464,[NH3]Cc1coc(c1[O])N,0
32543,CCc1cocnc1=N,0
32546,CNC1=C([NH])N=CNC1,0
32552,COC1=C([NH])N=CNC1,0
32559,OCC1=C([NH])N=CNC1,0
32563,CCn1c(C)coc1=N,0
32564,CCn1c(N)coc1=N,0
32565,CCn1c(O)coc1=N,0
32604,CCn1cc(oc1=N)C,0
32607,CCn1cc(oc1=N)N,0
32610,CCn1cc(oc1=N)O,0
32612,CCN1CC=C(N=C1)[NH],0
32615,CCn1cnc(=N)nc1,0
32670,CCn1cncnc1=N,0
32689,CCN=c1cc[nH]cn1,0
32692,CCN=c1nc[nH]cn1,0
32705,CCN=c1ncnc[nH]1,0
32760,C[NH2]Cc1occc1[O],0
32813,C[NH2]C[C]1C=COC1=O,0
32814,C[NH2]C[C]1N=COC1=O,0
32826,[NH3]CC[C]1C=COC1=O,0
32827,[NH3]CC[C]1N=COC1=O,0
32866,C[NH2]Cc1cc(co1)[O],0
32885,[NH3]CCc1cc(co1)[O],0
32942,C[NH2]CC1=C[CH]C(=O)O1,0
32943,C[NH2]C[C]1OC(=O)N=C1,0
32964,[NH3]CCC1=C[CH]C(=O)O1,0
32965,[NH3]CCC1=N[CH]C(=O)O1,0
33034,CCCc1c[nH]c(=N)o1,0
33037,CCCc1coc(=N)[nH]1,0
33038,CCCc1coc(=N)o1,0
33041,CCNc1c[nH]c(=N)o1,0
33043,CCNc1coc(=N)o1,0
33046,CCOc1c[nH]c(=N)o1,0
33049,CCOc1coc(=N)[nH]1,0
33050,CCOc1coc(=N)o1,0
33053,COCc1c[nH]c(=N)o1,0
33056,COCc1coc(=N)[nH]1,0
33057,COCc1coc(=N)o1,0
33060,OCCc1c[nH]c(=N)o1,0
33063,OCCc1coc(=N)[nH]1,0
33064,OCCc1coc(=N)o1,0
33101,C[NH2]CC1=COC(=O)[CH]1,0
33102,C[NH2]Cc1coc(=O)[nH]1,0
33115,[NH3]CCC1=COC(=O)[CH]1,0
33116,[NH3]CCC1=NC(=O)O[CH]1,0
33137,C[NH2]Cc1cocc1[O],0
33145,[NH3]CCc1cocc1[O],0
33174,CCCn1ccoc1=N,0
33177,OCCn1ccoc1=N,0
36995,[CH]1[C]2[C@@H]3[C@@H]4[C@H]1[C@@H]1[C@H,0
36996,[CH]1[C]2[C@H]3[C@H]4[C@@H]1N1[C@@H]2[C@,0
36997,[CH]1[C]2[C@@H]3[C@@H]4[C@H]1[C@@H]4N1[C,0
36999,[CH]1[C]2[C@@H]3[C@@H]4[C@H]1N4[C@@H]1[C,0
37079,[CH]1[C@@H]2[CH][C@@]34[C@@]1(C3)[C@@H]1,0
37080,[CH]1[C@@H]2[CH][C@@]34[C@@]1(C3)[C@@H]1,0
37081,[CH]1[C@@H]2[N][C@@]34[C@@]1(C3)[C@@H]1[,0
37082,[N]1[C@H]2[CH][C@]34[C@]1(N3)[C@H]1[C@@H,0
37604,C1[CH][C]2[C@H]3[C@@]4(C1)[C@@H]2[C@@H]3,0
37605,C1[CH][C]2[C@H]3[C@@]4(O1)[C@@H]2[C@@H]3,0
37606,C1[CH][C]2[C@H]3[C@@]4(C1)[C@@H]2[C@@H]3,0
37607,C1[CH][C]2[C@H]3[C@@]4(C1)[C@@H]2N3C4,0
37608,C1[CH][C]2[C@H]3[C@@]4(O1)[C@@H]2N3C4,0
37750,C1=C[C@@]23[C@@H]4[C]1[CH][C@H]3[C@@H]4C,0
37751,C1=C[C@@]23[C@@H]4[C]1[CH][C@H]3N4C2,0
37752,C1=C[C@@]23[C@@H]4[C]1[CH][C@H]3[C@@H]4O,0
37754,C1O[C@@]23[C@@H]4[C]1[CH][C@H]3[C@@H]4C2,0
37755,O1C[C@@]23[C@@H]4[C]1[N][C@H]3[C@@H]4C2,0
37757,C1O[C@@]23[C@@H]4[C]1[CH][C@H]3N4C2,0
37758,N1C[C@]23[C@H]4[C]1[N][C@@H]3[C@H]4N2,0
37759,N1C[C@]23[C@H]4[C]1[N][C@@H]3[C@H]4O2,0
37760,O1C[C@]23[C@H]4[C]1[N][C@@H]3[C@H]4N2,0
37761,O1C[C@]23[C@H]4[C]1[N][C@@H]3[C@H]4O2,0
37843,[N]1C[C@]23[C@H]4[C]1N[C@@H]3[C@H]4O2,0
37845,[N]1C[C@]23[C@H]4[C]1O[C@@H]3[C@H]4O2,0
37991,C1[C@@H]2[CH][C@@]34[C@@]1([CH]3)[C@@H]1,0
37992,C1[C@@H]2[CH][C@@]34[C@@]1([CH]3)[C@@H]1,0
37993,C1[C@@H]2[N][C@@]34[C@@]1([CH]3)[C@@H]1[,0
38078,C1=C[C@@H]2[C@@]34[C@@H]1O[C@H]3[C@@H]2C,0
38079,C1=C[C@@H]2[C@@]34[C@@H]1C[C@H]3[C@@H]2C,0
38080,C1=C[C@@H]2[C@@]34[C@@H]1CN3[C@@H]2C4,0
38081,C1=C[C@@H]2[C@@]34[C@@H]1C[C@H]3[C@@H]2O,0
38082,C1=C[C@@H]2[C@@]34[C@@H]1C[C@H]3N2C4,0
38083,C1=C[C@@H]2[C@@]34[C@@H]1N[C@H]3[C@@H]2N,0
38084,C1=C[C@@H]2[C@@]34[C@@H]1N[C@H]3[C@@H]2O,0
38085,C1=C[C@@H]2[C@@]34[C@@H]1O[C@H]3[C@@H]2O,0
38175,C1C[C@H]2[C@@H]1[CH][C@H]1[C@@H]([CH]2)C,0
38176,C1O[C@H]2[C@@H]1[CH][C@H]1[C@@H]([N]2)C1,0
38177,C1C[C@H]2[C@@H]1[CH][C@H]1[C@@H]([CH]2)N,0
38178,C1C[C@H]2[C@@H]1[CH][C@H]1[C@@H]([CH]2)O,0
38196,C1=C[C@]23[C@H]4[C@@H]1N4[C@H](C2)C3,0
38197,C1=C[C@]23[C@H]4[C@@H]1[C@H]4[C@H](C2)C3,0
38199,C1=C[C@@]23[C@H]4[C@@H]1[C@H]4[C@@H](C2),0
38361,[N]1CC[C@@H]2C[C@H](O[CH]1)C2,0
38365,[N]1[CH]O[C@@H]2CN(CC1)C2,0
39169,C1CN2[C@@]34[C@@H]1O[C@@H]3[C@@H]2C4,0
39170,C1O[C@@H]2[C@@]34[C@@H]1O[C@@H]3[C@@H]2C,0
39172,C1C[C@@H]2[C@@]34[C@@H]1CN3[C@@H]2C4,0
39173,C1C[C@@H]2[C@@]34[C@@H]1C[C@H]3[C@@H]2O4,0
39175,C1O[C@@H]2[C@@]34[C@@H]1C[C@H]3[C@@H]2C4,0
39176,C1O[C@@H]2[C@@]34[C@@H]1CN3[C@@H]2C4,0
39177,C1O[C@@H]2[C@@]34[C@@H]1C[C@H]3[C@@H]2O4,0
39178,C1C[C@@H]2[C@]34N1C[C@H]3N2C4,0
39179,O1C[C@@H]2[C@@]34[C@@H]1C[C@H]3[C@@H]2C4,0
39180,O1C[C@@H]2[C@@]34[C@@H]1CN3[C@@H]2C4,0
39181,O1C[C@@H]2[C@@]34[C@@H]1C[C@H]3[C@@H]2O4,0
39182,O1C[C@@H]2[C@@]34[C@@H]1C[C@H]3N2C4,0
39183,C1C[C@@H]2[C@@]34[C@@H]1O[C@H]3[C@@H]2N4,0
39184,C1C[C@@H]2[C@@]34[C@@H]1N[C@H]3[C@@H]2O4,0
39185,C1C[C@@H]2[C@@]34[C@@H]1O[C@H]3[C@@H]2O4,0
39186,C1O[C@@H]2[C@@]34[C@@H]1N[C@H]3[C@@H]2N4,0
39187,C1O[C@@H]2[C@@]34[C@@H]1O[C@H]3[C@@H]2N4,0
39188,C1O[C@@H]2[C@@]34[C@@H]1N[C@H]3[C@@H]2O4,0
39189,C1O[C@@H]2[C@@]34[C@@H]1O[C@H]3[C@@H]2O4,0
41211,C1C[C@@]23[C@@H]1[C@@]1(C2)[C@@H]3CC1,0
41212,C1C[C@@]23[C@H]1[C@@]1(C2)N3CC1,0
41213,C1C[C@@]23[C@H]1[C@@]1(C2)[C@H]3OC1,0
41215,C1C[C@@]23[C@H]1[C@@]1(C2)[C@H]3CO1,0
41216,C1C[C@@]23[C@H]1[C@@]1(N2)[C@H]3OC1,0
41217,C1C[C@@]23[C@@H]1[C@@]1(O2)[C@@H]3CC1,0
41218,C1C[C@@]23[C@H]1[C@@]1(O2)[C@H]3NC1,0
41219,C1C[C@@]23[C@H]1[C@@]1(O2)[C@H]3OC1,0
41220,N1C[C@@]23[C@@H]1[C@@]1(O2)[C@@H]3NC1,0
41221,N1C[C@@]23[C@@H]1[C@@]1(O2)[C@@H]3OC1,0
41222,C1O[C@@]23[C@H]1[C@@]1(C2)[C@H]3OC1,0
41223,C1O[C@@]23[C@@H]1[C@@]1(C2)[C@@H]3CO1,0
41224,O1C[C@@]23[C@@H]1[C@@]1(C2)[C@@H]3OC1,0
41225,O1C[C@@]23[C@@H]1[C@@]1(N2)[C@@H]3OC1,0
41226,O1C[C@@]23[C@@H]1[C@@]1(O2)[C@@H]3OC1,0
42058,C1CCC=C[CH]C=[C][C]1,0
42059,C1OCC=C[CH]C=[C][C]1,0
42065,[CH]1CC[C][C]COC[CH]1,0
42223,N#CC(=N)N1[C@@H]2[C@H]1CC2,0
42244,C#C[C@@H]1CN1C(=N)C#C,0
42245,N#C[C@@H]1CN1C(=N)C#C,0
42246,C#C[C@@H]1CN1C(=N)C#N,0
42247,N#C[C@@H]1CN1C(=N)C#N,0
42479,C([C@H]1C[NH2]1)[N]C(=O)C#N,0
43210,N#C[C]1C(=O)[C@@H]2[C@H]1[NH2]C2,0
43241,O=C1[CH][C]2[C@@H]3N1[C@@H]1[C@H]2[C@H]3,0
43243,O=C1[CH][C]2[C@@H]3N1[C@@H]3C=C2,0
43420,O=C1[CH][CH]NCCC=C1,0
43520,N[C@H]1N[C@@H](C(=N)N1)C#N,0
44405,[O][C@]12C[N@@]32[C@@]21C=C[C@@H]3C2,0
44531,O=C1N[C]2[C]([CH]1)[C@H]1[C@@H]2[NH2]1,0
45545,O=C1[CH]C2=C(O1)CC[NH2]2,0
45927,N[C@@H]1NC(=N)C(=CN1)[O],0
48089,O=CC(=N)N1[C@@H]2[C@H]1CC2,0
48100,C1[C@H](N1C(=N)C=O)C#C,0
48101,C1[C@H](N1C(=N)C=O)C#N,0
49350,N=CN1[C@H]([C@H]1C#C)C#C,0
49351,N=CN1[C@@H]([C@@H]1C#C)C#N,0
49352,N=CN1[C@H]([C@H]1C#N)C#N,0
49359,O=C[C@H]1[C@H](N1C=N)C#C,0
49360,O=C[C@H]1[C@H](N1C=N)C#N,0
49365,O=C[C@@H]1[C@@H](N1C=N)C=O,0
49481,O=C[C]1[C@@H]2C[C@H](C1=O)[NH2]2,0
49673,O=CN1[C@H]2[C@@H]1COC2=N,0
49674,N=CN1[C@H]2[C@@H]1COC2=O,0
49687,N=CN1[C@@H]2[C@@]1(C#N)CC2,0
49699,[O]C=C1[C@@H]2[C@@]1(C=O)[NH2]C2,0
49700,[O]C=C1[C@@H]2[C@@]1(C=O)C[NH2]2,0
49704,[O]C=C1[C@@H]2[NH2]C[C@H]1C2=O,0
49942,N=CN1CC1(C#C)C#C,0
49943,N=CN1C[C@]1(C#C)C#N,0
49944,N=CN1CC1(C#N)C#N,0
49957,N=CN1C[C@]1(C=O)C#C,0
49958,N=CN1C[C@]1(C=O)C#N,0
49967,N=CN1CC1(C=O)C=O,0
50014,C1N([C@@]21COC2=N)C=O,0
50017,C1N([C@@]21COC2=O)C=N,0
50056,C1[C@H](N1C(=N)C#N)C=O,0
50067,O=C[C@@H]1CN1C(=N)C=O,0
50833,[CH](C(=O)[C@H]1CC[NH2]1)C=O,0
51300,[O]c1c[nH]cc1NC=[NH2],0
52008,[NH2]=CNC[C](C#N)C#N,0
52217,N=COC[C@H]1CN1C=O,0
52544,CC#CC(=O)NC(=[NH2])[NH],0
52606,C[C@](C(=O)[O])(C#CC)[NH3],0
52701,CC#C[C@H](CC(=O)[O])[NH3],0
53466,CC#CCC(=O)C(=[NH2])[NH],0
53496,CC#CC[C@H](C(=O)[O])[NH3],0
53686,CC#CC[NH2]CC(=O)[O],0
53730,[O]C(=O)C#CC([NH3])(C)C,0
53740,[O]C(=O)C#CC1([NH3])CC1,0
53747,[O]C(=O)C#C[C@H]1CC[NH2]1,0
53748,[O]C(=O)C#CC1C[NH2]C1,0
53769,[O]C(=O)C#CCNC=[NH2],0
53772,[NH]C(=[NH2])C(=O)C#CC#C,0
53773,[NH]C(=[NH2])C(=O)C#CC#N,0
53777,[NH]C(=[NH2])C(=O)C#CC=O,0
53781,C#CC(=O)C(=O)C(=[NH2])[NH],0
53782,N#CC(=O)C(=O)C(=[NH2])[NH],0
53786,O=CC(=O)C(=O)C(=[NH2])[NH],0
53790,O=C(C(C)(C)C)C(=[NH2])[NH],0
53792,O=C(C(O)(C)C)C(=[NH2])[NH],0
53798,O=C(C1(C)CC1)C(=[NH2])[NH],0
53800,C[C@]1(CN1)C(=O)C(=[NH2])[NH],0
53802,C[C@]1(CO1)C(=O)C(=[NH2])[NH],0
53804,O=C(C1(O)CC1)C(=[NH2])[NH],0
53811,O=C(C(=[NH2])[NH])C1CCC1,0
53812,[NH]C(=[NH2])C(=O)[C@H]1CCO1,0
53813,O=C(C(=[NH2])[NH])C1COC1,0
53814,O=C(C(=[NH2])[NH])N1CCC1,0
53822,O=C(C(=O)[O])C1C[NH2]C1,0
53831,O=C(C(=[NH2])[NH])CC1CC1,0
53832,[NH]C(=[NH2])C(=O)C[C@H]1CN1,0
53833,[NH]C(=[NH2])C(=O)C[C@H]1CO1,0
53834,O=C(C(=[NH2])[NH])CN1CC1,0
53835,O=C(C(=[NH2])[NH])NC1CC1,0
53836,O=C(C(=[NH2])[NH])OC1CC1,0
53855,[NH]C(=[NH2])C(=O)CCC#C,0
53856,[NH]C(=[NH2])C(=O)CCC#N,0
53857,[NH]C(=[NH2])C(=O)NCC#C,0
53858,[NH]C(=[NH2])C(=O)NCC#N,0
53859,[NH]C(=[NH2])C(=O)OCC#C,0
53860,[NH]C(=[NH2])C(=O)OCC#N,0
53878,[NH]C(=[NH2])C(=O)CCC=O,0
53879,[NH]C(=[NH2])C(=O)CNC=O,0
53880,N=COCC(=O)C(=[NH2])[NH],0
53881,[NH]C(=[NH2])C(=O)COC=O,0
53882,[NH]C(=[NH2])C(=O)NCC=O,0
53883,[NH]C(=[NH2])C(=O)OCC=O,0
53896,C#C[C@@H](C(=O)[O])C(=[NH2])N,0
53923,N#CC(C(=[NH2])[NH])(C#N)C,0
53925,C#C[C@](C(=[NH2])[NH])(C#N)N,0
53926,N#CC(C(=[NH2])[NH])(C#N)N,0
53927,C#CC(C(=[NH2])[NH])(C#C)O,0
53928,C#C[C@](C(=[NH2])[NH])(C#N)O,0
53929,N#CC(C(=[NH2])[NH])(C#N)O,0
53939,NC(=[NH2])C(C(=O)[O])(C)C,0
53941,NC(=[NH2])[C@](C(=O)[O])(N)C,0
53943,NC(=O)[C@](C(=O)[O])([NH3])C,0
53944,NC(=[NH2])[C@](C(=O)[O])(O)C,0
53954,[O]C(=O)C([C@@H]1[NH2]C1)(C)C,0
53957,[O]C(=O)[C@@](C1CC1)([NH3])C,0
53958,C[C@](C(=O)[O])([C@H]1CN1)[NH3],0
53959,C[C@](C(=O)[O])([C@H]1CO1)[NH3],0
53969,C[C@](C(=O)[O])(CC#C)[NH3],0
53971,C[C@](C(=O)[O])(CC#N)[NH3],0
53980,[NH2]=CNC(C(=O)[O])(C)C,0
53991,[NH]C(=[NH2])[C@](C#C)(C=O)O,0
53992,[NH]C(=[NH2])[C@](C#N)(C=O)O,0
53998,O=CC(C(=[NH2])[NH])(C=O)O,0
54013,O=CN(C(=[NH2])[NH])C(=N)C,0
54016,N=CN(C(=O)C)C(=[NH2])[NH],0
54019,O=CN(C(=O)C)C(=[NH2])[NH],0
54021,N=CN(C(=O)N)C(=[NH2])[NH],0
54022,O=CN(C(=[NH2])[NH])C(=[NH2])[NH],0
54023,O=CN(C(=O)N)C(=[NH2])[NH],0
54033,O=CN(C(=[NH2])[NH])C1CC1,0
54055,[NH]C(=[NH2])N(C=O)CC#C,0
54056,[NH]C(=[NH2])N(C=O)CC#N,0
54070,NC(=[NH2])[C@H](C#N)[N]C=O,0
54078,[O]C(=O)[C@H](C#C)NC=[NH2],0
54079,[O]C(=O)[C@H](C#N)NC=[NH2],0
54082,N[CH]O[C](C(=O)C)C=O,0
54085,O=CCN(C(=[NH2])[NH])C=O,0
54099,[O]C(=O)[C@]1(C)[C@H]2C[C@@H]1[NH2]2,0
54108,[O]C(=O)[C@]1([NH3])[C@@H]2C[C@H]1C2,0
54109,[O]C(=O)[C@]1(N)[C@H]2C[C@@H]1[NH2]2,0
54110,[O]C(=O)[C@]1([NH3])[C@H]2C[C@@H]1O2,0
54111,[O]C(=O)[C@]1(O)[C@H]2C[C@@H]1[NH2]2,0
54123,[O]C(=O)[C@]1([NH3])[C@@H]2[C@H]1CC2,0
54125,[O]C(=O)[C@@]1([NH3])[C@H]2[C@@H]1CO2,0
54132,C[C@]1(C[C](N1)N)C(=O)[O],0
54145,[O]C(=O)[C@@]1([NH3])CC1(C)C,0
54149,C[C@@]1(C[C@@]1(C)[NH3])C(=O)[O],0
54150,C[C@@]1([NH3])C[C@]1(N)C(=O)[O],0
54151,C[C@@]1([NH3])C[C@]1(O)C(=O)[O],0
54153,[O]C(=O)[C@@]1([NH3])C[C@@]1(C)O,0
54172,[NH3][C@]1(C[C@H]1C#C)C(=O)[O],0
54179,C[C@]1(CN1[CH]N)C(=O)[O],0
54198,C[C@]1([NH2][C@@H]2[C@H]1C2)C(=O)[O],0
54205,[NH3][C@]1(C[C@@H]2[C@H]1C2)C(=O)[O],0
54206,[NH3][C@]1(C[C@@H]2[C@H]1N2)C(=O)[O],0
54207,[NH3][C@]1(C[C@@H]2[C@H]1O2)C(=O)[O],0
54208,[NH3][C@]1(CN2[C@H]1C2)C(=O)[O],0
54213,C[C@]1(CN[CH]N1)C(=O)[O],0
54216,[O]C(=O)[C@]1([NH3])CC=CC1,0
54235,[NH]C(=[NH2])[C@@]1(O)COC1=O,0
54244,N[C@]1(CN[C]1N)C(=O)[O],0
54250,C[C@]1(CN[CH]N1)C(=O)[O],0
54252,C[C@]1([NH2]CC=C1)C(=O)[O],0
54255,[NH3][C@]1(CCC=C1)C(=O)[O],0
54264,[O]C(=O)[C@]1(C)CCC[NH2]1,0
54266,[O]C(=O)[C@@]1(C)C[NH2]CC1,0
54269,[NH]C(=[NH2])C1(C)OCCO1,0
54273,[O]C(=O)C1([NH3])CCCC1,0
54274,[O]C(=O)[C@@]1(N)C[NH2]CC1,0
54275,[O]C(=O)[C@@]1([NH3])COCC1,0
54276,[O]C(=O)[C@@]1(O)C[NH2]CC1,0
54295,NC(=[NH2])C1(CC1)C(=O)[O],0
54296,NC(=[NH2])[C@]1(CN1)C(=O)[O],0
54297,[NH]C(=[NH2])[C@@]1(OC1)C(=O)N,0
54298,NC(=[NH2])[C@]1(CO1)C(=O)[O],0
54322,[O]C(=O)C1(CC1)[C@@H]1[NH2]C1,0
54335,[NH2]=CNC1(CC1)C(=O)[O],0
54344,[NH]C(=[NH2])[C@]1(CCO1)C#N,0
54353,[O]C(=O)[C@]1(CC[NH2]1)C#C,0
54354,C#CC1(C[NH2]C1)C(=O)[O],0
54379,[O]C(=O)[C@@]12[C@@H]3C[C@H]2[C@H]1[NH2],0
54387,[O]C(=O)[C@]12C[C@](C1)(C2)[NH3],0
54411,[O]C(=O)[C@]12CC[C@H](C1)[NH2]2,0
54424,C[C@@]12C[C@]2([NH2]C1)C(=O)[O],0
54431,[O]C(=O)[C@@]12CC[C@]2(C1)[NH3],0
54432,[NH3][C@@]12C[C@]2(NC1)C(=O)[O],0
54433,[NH3][C@@]12C[C@]2(OC1)C(=O)[O],0
54449,N[C]1C[C@@]2(N1C2)C(=O)[O],0
54486,[O]C(=O)[C@@]12C[C@H]2N[CH]N1,0
54502,N[C]1N[C@H]2[C@@]1(C2)C(=O)[O],0
54515,[O]C(=O)[C@@]12C[C@H]2N[CH]N1,0
54536,[O]C(=O)[C@]12[NH2]CC[C@@H]2C1,0
54537,[O]C(=O)[C@]12C[NH2]C[C@@H]2C1,0
54539,[O]C(=O)[C@@]12C[NH2]C[C@H]2N1,0
54540,[O]C(=O)[C@@]12C[NH2]C[C@H]2O1,0
54549,[O]C(=O)[C@@]12C[C@@H]3[C@H]2[C@@H]3[NH2,0
54568,[O]C(=O)[C@]12C[C@@H]3[C@H]1[NH2][C@H]23,0
54583,[O]C(=O)[C@]12[NH2][C@@H]3[C@H]1[C@H]2C3,0
54600,[O]C(=O)[C@@]12CC[C@H]2C[NH2]1,0
54601,[O]C(=O)[C@@]12CC[C@H]2[NH2]C1,0
54602,[O]C(=O)[C@]12CC[N@@H]2CC1,0
54603,[O]C(=O)[C@@]12C[NH2][C@H]2CN1,0
54620,NC(=[NH2])C1=COC(=O)[CH]1,0
54649,[NH]C(=[NH2])C1=NCC(=O)O1,0
54656,N[C]1CC=C(N1)C(=O)[O],0
54673,NC(=[NH2])c1c[nH]cc1[O],0
54678,NC1=C([CH]CN1)C(=O)[O],0
54707,[O]C(=O)[C@@H]1[C@@H]2[NH2][C@@H]3[C@H]1,0
54722,[O]C(=O)[C@@H]1[C@@H]2[C@@H]3[C@H]1[C@H],0
54753,[O]C(=O)[C@H]1[C@@H]2N1[C](C2)N,0
54754,N[C]1N[C@H]2[C@@H]1[C@H]2C(=O)[O],0
54763,C[C@@]12C[C@@H]([NH2]1)[C@H]2C(=O)[O],0
54769,[O]C(=O)[C@@H]1[C@@H]2C[C@]1(C2)[NH3],0
54770,[O]C(=O)[C@@H]1N2C[C@@]1(C2)[NH3],0
54785,[O]C(=O)[C@@H]1[C@H]2C=C[C@@H]1[NH2]2,0
54803,[NH]C(=[NH2])N1[C@H]2C[C@H]2C1=O,0
54811,[O]C(=O)[C@@H]1[C](N)N2[C@@H]1C2,0
54822,[O]C(=O)[C@H]1[C@@H]2N1[CH]NC2,0
54823,[O]C(=O)[C@@H]1[C@H]2[C@@H]1N[CH]N2,0
54834,C[C@@]12C[NH2][C@H]2[C@H]1C(=O)[O],0
54836,C[C@@]12[NH2]C[C@H]2[C@H]1C(=O)[O],0
54840,[O]C(=O)[C@@H]1[C@H]2[C@]1([NH3])CC2,0
54841,[NH3][C@@]12CN[C@H]2[C@H]1C(=O)[O],0
54842,[NH3][C@@]12CO[C@H]2[C@H]1C(=O)[O],0
54843,[O]C(=O)[C@@H]1[C@H]2[C@]1(O)C[NH2]2,0
54858,[O]C(=O)[C@@H]1[C@H]2[C@@H]1CC[NH2]2,0
54859,[O]C(=O)[C@@H]1[C@H]2[C@@H]1C[NH2]C2,0
54874,[O]C(=O)[C@H]1N[CH]N2[C@H]1C2,0
54886,[NH]C(=[NH2])N1C=CCC1=O,0
54887,[NH]C(=[NH2])N1C=NCC1=O,0
54896,N[C]1NC=C[C@@H]1C(=O)[O],0
54904,NC1=C[CH][C@H](N1)C(=O)[O],0
54911,[O]C(=O)[C@H]1CC([NH2]1)(C)C,0
54914,[O]C(=O)[C@@H]1C[C@](C1)(C)[NH3],0
54931,C#C[C@H]1C[C@@H]([NH2]1)C(=O)[O],0
54942,O=C[C@H]1C[C@@H]([NH2]1)C(=O)[O],0
54943,N[CH]N1CC(C1)C(=O)[O],0
54965,[NH3][C@]1(C[C@H]1C(=O)[O])C#C,0
54995,[O]C(=O)[C@H]1CC21C[NH2]C2,0
54996,[O]C(=O)[C@H]1NC21C[NH2]C2,0
54997,[O]C(=O)[C@H]1OC21C[NH2]C2,0
54998,C[C](N1C[C@H]1C(=O)[O])N,0
55008,NC(=[NH2])[C@H]1C[C@H]1C(=O)[O],0
55009,NC(=[NH2])[C@H]1N[C@H]1C(=O)[O],0
55010,NC(=[NH2])[C@H]1O[C@H]1C(=O)[O],0
55011,[O]C(=O)[C@@H]1CN1C(=[NH2])N,0
55042,[O]C(=O)[C@H]1C[C@H]1[C@H]1C[NH2]1,0
55079,[O]C(=O)[C@H]1C[C@H]1NC=[NH2],0
55091,[O]C(=O)[C@@H]1[NH2][C@@]2([C@H]1C2)C,0
55097,[O]C(=O)[C@@H]1C[C@@]2([C@H]1C2)[NH3],0
55111,[O]C(=O)[C@H]1CC2([NH2]1)CC2,0
55112,[O]C(=O)[C@@H]1C[C@@]2(C1)[NH2]C2,0
55124,C[C@@]12C[C@H]2[NH2][C@H]1C(=O)[O],0
55131,[NH3][C@@]12C[C@H]2C[C@H]1C(=O)[O],0
55132,[NH3][C@@]12C[C@H]2N[C@H]1C(=O)[O],0
55133,[NH3][C@@]12C[C@H]2O[C@H]1C(=O)[O],0
55144,[O]C(=O)[C@H]1C[C@@H]2C[C@H]1[NH2]2,0
55147,[O]C(=O)[C@H]1[NH2][C@H]2C[C@@H]1C2,0
55157,[NH]C(=[NH2])[C@@H]1O[C@H]2[C@@H](O1)C2,0
55165,[O]C(=O)[C@H]1C[C@@H]2[C@H]([NH2]1)C2,0
55166,[O]C(=O)[C@@H]1C[C@H]2[C@@H](C1)[NH2]2,0
55188,[O]C(=O)[C@H]1C[C@@H]2[C@H]1[NH2]C2,0
55189,[O]C(=O)[C@H]1C[C@@H]2[C@H]1C[NH2]2,0
55191,[O]C(=O)[C@H]1[NH2][C@@H]2[C@H]1CC2,0
55192,[O]C(=O)[C@H]1N[C@@H]2[C@H]1[NH2]C2,0
55193,[O]C(=O)[C@H]1O[C@@H]2[C@H]1[NH2]C2,0
55199,C[C]1N[C@H](CN1)C(=O)[O],0
55202,N[C]1NC[C@@H](C1)C(=O)[O],0
55203,N[C]1N[C@H](CN1)C(=O)[O],0
55204,N[C]1NC[C@@H](O1)C(=O)[O],0
55210,[NH]C(=[NH2])N1CC=CC1=O,0
55233,N=C1CO[C@@H](O1)C(=[NH2])[NH],0
55234,O=C1CO[C@@H](O1)C(=[NH2])[NH],0
55253,N[C]1CC[C@@H](N1)C(=O)[O],0
55254,N[C]1NC[C@@H](C1)C(=O)[O],0
55255,N[C]1N[C@H](CN1)C(=O)[O],0
55256,N[C]1NC[C@@H](O1)C(=O)[O],0
55257,N[C]1N[C@H](CO1)C(=O)[O],0
55264,CC1=C[C@@H]([NH2]C1)C(=O)[O],0
55270,N[C]1CC[C@H](N1)C(=O)[O],0
55271,N[C]1N[C@@H](CN1)C(=O)[O],0
55281,[O]C(=O)[C@@H]1[NH2]CC1(C)C,0
55283,[O]C(=O)[C@@H]1C[NH2]C1(C)C,0
55285,C[C@@]1([NH3])CC[C@H]1C(=O)[O],0
55286,C[C@@]1(N)C[NH2][C@H]1C(=O)[O],0
55287,C[C@@]1([NH3])CO[C@H]1C(=O)[O],0
55289,[O]C(=O)[C@@H]1[NH2]C[C@@]1(C)O,0
55311,[O]C(=O)[C@H]1CC[C@]21C[NH2]2,0
55312,[O]C(=O)[C@H]1C[NH2]C21CC2,0
55313,[O]C(=O)[C@H]1[NH2]CC21CC2,0
55314,[O]C(=O)[C@H]1[NH2]C[C@]21CN2,0
55315,[O]C(=O)[C@H]1[NH2]C[C@]21CO2,0
55336,C#C[C@@H]1[NH2]C[C@@H]1C(=O)[O],0
55337,C#C[C@@H]1C[NH2][C@@H]1C(=O)[O],0
55338,N#C[C@@H]1C[NH2][C@@H]1C(=O)[O],0
55349,N[CH]N1CC[C@@H]1C(=O)[O],0
55350,O=C[C@@H]1[NH2]C[C@@H]1C(=O)[O],0
55351,O=C[C@@H]1C[NH2][C@@H]1C(=O)[O],0
55372,[O]C(=O)[C@H]1CC[C@@H]2[C@H]1[NH2]2,0
55373,[O]C(=O)[C@H]1C[NH2][C@@H]2[C@H]1C2,0
55374,[O]C(=O)[C@H]1[NH2]C[C@@H]2[C@H]1C2,0
55375,[O]C(=O)[C@H]1[NH2]C[C@@H]2[C@H]1N2,0
55376,[O]C(=O)[C@H]1[NH2]C[C@@H]2[C@H]1O2,0
55384,CC1=CC[NH2][C@H]1C(=O)[O],0
55387,N[C]1NCC[C@H]1C(=O)[O],0
55398,[O]C(=O)[C@H]1CC=CC[NH2]1,0
55399,[O]C(=O)[C@H]1CCN[CH]N1,0
55420,[NH]C(=[NH2])N1CCCC1=O,0
55421,[NH]C(=[NH2])N1CCOC1=O,0
55438,N[C]1NCC[C@@H]1C(=O)[O],0
55449,[O]C(=O)[C@H]1CCN[CH]N1,0
55451,[O]C(=O)[C@H]1[NH2]CCC=C1,0
55463,[NH]C(=[NH2])C1OCCCO1,0
55475,[O]C(=O)[C@H]1CCCC[NH2]1,0
55478,[O]C(=O)[C@H]1CNCC[NH2]1,0
55480,[O]C(=O)[C@H]1COCC[NH2]1,0
55484,[O]C(=O)CC#CC(=[NH2])N,0
55485,NC(=[NH2])CC#CC(=O)[O],0
55501,CC(=N)NC(=O)C(=[NH2])[NH],0
55504,CC(=N)OC(=O)C(=[NH2])[NH],0
55508,[NH]C(=[NH2])NC(=O)C(=O)C,0
55510,CC(=O)CC(=O)C(=[NH2])[NH],0
55514,CC(=O)NC(=O)C(=[NH2])[NH],0
55516,NC(=O)CC(=O)C(=[NH2])[NH],0
55517,NC(=O)NC(=O)C(=[NH2])[NH],0
55518,NC(=[NH2])CC(=O)C(=O)[O],0
55519,NC(=[NH2])NC(=N)C(=O)[O],0
55520,[NH]C(=[NH2])NC(=O)C(=[NH2])[NH],0
55521,[NH]C(=[NH2])NC(=O)C(=O)N,0
55544,O=C(C1CC1)NC(=[NH2])[NH],0
55545,[NH]C(=[NH2])NC(=O)[C@H]1CN1,0
55546,[NH]C(=[NH2])NC(=O)[C@H]1CO1,0
55558,N[C](N1CC1)CC(=O)[O],0
55569,[NH]C(=[NH2])NC(=O)CC#C,0
55570,[NH]C(=[NH2])NC(=O)CC#N,0
55595,[NH]C(=[NH2])NC(=O)CC=O,0
55596,N=CNC(=O)NC(=[NH2])[NH],0
55597,O=CNC(=O)NC(=[NH2])[NH],0
55598,N=COC(=O)NC(=[NH2])[NH],0
55610,[O]C(=O)CC(=[NH2])NC=N,0
55645,C[C@](C#C)(CC(=O)[O])[NH3],0
55677,N=CN(CC(=O)[O])C=[NH2],0
55692,C[C@@]1(CC(=O)[O])CC[NH2]1,0
55693,[O]C(=O)CC1(C)C[NH2]C1,0
55700,[O]C(=O)CC1([NH3])CCC1,0
55702,[O]C(=O)CC1([NH3])COC1,0
55703,[O]C(=O)CC1(O)C[NH2]C1,0
55753,[O]C(=O)C[C@]12C[C@H](C1)[NH2]2,0
55775,[O]C(=O)C[C@@]12C[C@H]2C[NH2]1,0
55776,[O]C(=O)C[C@]12C[NH2][C@@H]2C1,0
55790,[O]C(=O)CC1=CC[NH2]C1,0
55791,[O]C(=O)C[C]1NCCN1,0
55810,[O]C(=O)C[C@@H]1[C@@H]2C[C@H]1[NH2]2,0
55811,[O]C(=O)C[C@H]1[C@@H]2C[N@H]1C2,0
55812,[O]C(=O)C[NH]1[C@@H]2C[C@H]1C2,0
55830,[O]C(=O)C[C@@H]1[C@H]2[C@@H]1C[NH2]2,0
55846,N[C]1C[C@@H](N1)CC(=O)[O],0
55863,[O]C(=O)C[C@@H]1[NH2]C1(C)C,0
55865,C[C@@]1([NH3])C[C@H]1CC(=O)[O],0
55910,N[CH]N1C[C@@H]1CC(=O)[O],0
55945,[O]C(=O)C[C@H]1C[N@@H]2[C@H]1C2,0
55946,[O]C(=O)C[C@H]1[NH2][C@@H]2[C@H]1C2,0
55947,[O]C(=O)C[NH]1C[C@@H]2[C@H]1C2,0
55962,[O]C(=O)C[C@H]1CN[CH]N1,0
55963,[O]C(=O)C[NH]1CC=CC1,0
55998,N[C]1NC[C@@H]1CC(=O)[O],0
55999,N[C]1CCN1CC(=O)[O],0
56014,[O]C(=O)C[C@H]1CN[CH]N1,0
56015,[O]C(=O)C[C@H]1[NH2]CC=C1,0
56016,[O]C(=O)CN1[CH]NCC1,0
56040,[O]C(=O)C[C@H]1CCC[NH2]1,0
56041,[O]C(=O)C[C@@H]1C[NH2]CC1,0
56042,[O]C(=O)C[NH]1CCCC1,0
56044,[O]C(=O)CNC(=[NH2])C#C,0
56050,[O]C(=O)CN[C]1CCN1,0
56055,[O]C(=O)CN[CH]N1CC1,0
56072,[O]C(=O)CN=CNC=[NH2],0
56108,NC(=[NH2])C[N]C(=O)C#N,0
56121,[O]C(=O)CNC(=[NH2])C#C,0
56148,[O]C(=O)C[NH2]C(C)(C)C,0
56150,[O]C(=O)CCC([NH3])(C)C,0
56170,[O]C(=O)C[NH2]C1(C)CC1,0
56174,[O]C(=O)CC[C@]1(C)C[NH2]1,0
56184,[O]C(=O)CCC1([NH3])CC1,0
56212,[O]C(=O)CC[C@H]1CC[NH2]1,0
56213,[O]C(=O)CCC1C[NH2]C1,0
56214,[O]C(=O)CC[NH]1CCC1,0
56215,[O]C(=O)C[NH2]C1CCC1,0
56216,[O]C(=O)CNC1C[NH2]C1,0
56217,[O]C(=O)C[NH2]C1COC1,0
56218,[O]C(=O)COC1C[NH2]C1,0
56219,CC(=[NH2])NCCC(=O)[O],0
56220,NC(=[NH2])NCCC(=O)[O],0
56221,CC(=[NH2])NCCC(=O)[O],0
56232,CC(=O)C[NH2]CC(=O)[O],0
56237,NC(=[NH2])CCCC(=O)[O],0
56238,NC(=[NH2])CNCC(=O)[O],0
56239,NC(=[NH2])COCC(=O)[O],0
56240,NC(=[NH2])NCCC(=O)[O],0
56241,[O]C(=O)CCOC(=[NH2])N,0
56246,NC(=O)C[NH2]CC(=O)[O],0
56277,[O]C(=O)CCC[C@H]1C[NH2]1,0
56278,[O]C(=O)CC[NH2]C1CC1,0
56279,[O]C(=O)C[NH2]CC1CC1,0
56280,[O]C(=O)C[NH2]C[C@H]1CN1,0
56281,[O]C(=O)C[NH2]C[C@H]1CO1,0
56308,C#CC[NH2]CCC(=O)[O],0
56309,C#CCC[NH2]CC(=O)[O],0
56310,N#CCC[NH2]CC(=O)[O],0
56344,O=CC[NH2]CCC(=O)[O],0
56345,O=CCC[NH2]CC(=O)[O],0
56395,[NH3][C@@H](C#C)C#CC(=O)[O],0
56428,C[C@H](C(=O)C(=[NH2])[NH])C#C,0
56430,C[C@H](C(=O)C(=[NH2])[NH])C#N,0
56431,[NH]C(=[NH2])C(=O)[C@H](C#C)O,0
56432,[NH]C(=[NH2])C(=O)[C@H](C#N)O,0
56542,C#C[C@@H]([C@H](C(=O)[O])[NH3])C,0
56554,C#C[C@@H]([C@@H](C(=O)[O])C)[NH3],0
56563,C#C[C@@H]([C@@H](C(=O)[O])N)[NH3],0
56564,C#C[C@@H]([C@H](C(=O)[O])O)[NH3],0
56567,C#C[C@@H]([C@@H](C(=O)[O])[NH3])O,0
57127,[NH3][C@H](C(=O)[O])C#CC#C,0
57166,CN(C(=[NH2])[NH])C(=O)C#C,0
57167,CN(C(=[NH2])[NH])C(=O)C#N,0
57178,CN(C(=[NH2])[NH])C(=O)C=O,0
57189,C[C@H](C([NH3])(C)C)C(=O)[O],0
57190,[NH3][C@H](C(C)(C)C)C(=O)[O],0
57192,N[C@H](C([NH3])(C)C)C(=O)[O],0
57193,O[C@H](C([NH3])(C)C)C(=O)[O],0
57194,[O]C(=O)[C@@H](C(O)(C)C)[NH3],0
57210,C[C@H]([C@@]1(C)C[NH2]1)C(=O)[O],0
57211,C[C@H](C1([NH3])CC1)C(=O)[O],0
57212,[NH3][C@H](C1(C)CC1)C(=O)[O],0
57214,C[C@]1(CN1)[C@H](C(=O)[O])[NH3],0
57216,C[C@]1(CO1)[C@H](C(=O)[O])[NH3],0
57221,N[C@H](C1([NH3])CC1)C(=O)[O],0
57222,[O]C(=O)[C@@H](C1(O)CC1)[NH3],0
57223,O[C@H](C1([NH3])CC1)C(=O)[O],0
57798,C[C@H](C#CCC(=O)[O])[NH3],0
57928,CC(C(=O)NC(=[NH2])[NH])C,0
57942,C[C@H](C(=O)NC(=[NH2])[NH])O,0
57945,CN(C(=[NH2])CC(=O)[O])C,0
57981,C[C@H](C(=O)[N]CC#N)[NH3],0
58022,C[C@H]([C@H](C(=O)[O])C#C)[NH3],0
58024,C[C@H]([C@H](C(=O)[O])C#N)[NH3],0
58031,C[NH]([C@H](C(=O)[O])C#C)C,0
58087,CC([C@](C(=O)[O])([NH3])C)C,0
58090,C[C@H](C(C(=O)[O])(C)C)[NH3],0
58091,C[C@](C(=O)[O])([C@H]([NH3])C)N,0
58092,C[C@](C(=O)[O])([C@H]([NH3])C)O,0
58095,C[C@H]([C@](C(=O)[O])([NH3])C)O,0
58098,C[NH](C(C(=O)[O])(C)C)C,0
58277,[NH3][C@H](C(C)C)CC(=O)[O],0
58280,CC([NH](CC(=O)[O])C)C,0
58282,C[C@H]([C@H]([NH3])C)CC(=O)[O],0
58283,C[C@H]([C@H](CC(=O)[O])O)[NH3],0
58291,[O]C(=O)C[C@@H]([C@H](O)C)[NH3],0
58612,C[C@H](C1(CC1)C(=O)[O])[NH3],0
58613,C[C@H]([C@]1(CN1)C(=O)[O])[NH3],0
58621,C[NH](C1(CC1)C(=O)[O])C,0
58975,C[C@H](C1=COC(=O)[CH]1)[NH3],0
59444,C[C@H]([C@H]1C[C@H]1C(=O)[O])[NH3],0
59445,C[C@H]([C@H]1N[C@H]1C(=O)[O])[NH3],0
59446,C[C@H]([C@H]1O[C@H]1C(=O)[O])[NH3],0
59455,C[NH]([C@H]1C[C@H]1C(=O)[O])C,0
59816,CN([CH]NCC(=O)[O])C,0
59823,C[C@H](CC#CC(=O)[O])[NH3],0
59845,CC(CC(=O)C(=[NH2])[NH])C,0
59851,CC(NC(=O)C(=[NH2])[NH])C,0
59854,CC(OC(=O)C(=[NH2])[NH])C,0
59857,C[C@H](CC(=O)C(=[NH2])[NH])O,0
59860,CN(CC(=O)C(=[NH2])[NH])C,0
59932,C[C@H](C[C](C#N)C#N)[NH3],0
59958,[NH3][C@@H](C(=O)[O])CC(C)C,0
59963,C[C@@H](C(=O)[O])[NH2]C(C)C,0
59967,C[C@@H](C(=O)[O])C[C@H]([NH3])C,0
59968,C[C@H](C[C@H](C(=O)[O])O)[NH3],0
59971,C[C@H](C[C@H](C(=O)[O])[NH3])O,0
59976,N[C@@H](C(=O)[O])C[NH](C)C,0
60316,C[C@H](C[N]C(=O)C#N)[NH3],0
60426,CC(C[NH2]CC(=O)[O])C,0
60429,CC([NH2]CCC(=O)[O])C,0
60432,C[C@H](CCCC(=O)[O])[NH3],0
60433,C[C@H](COCC(=O)[O])[NH3],0
60441,C[C@H](C[NH2]CC(=O)[O])O,0
60444,C[NH](CCCC(=O)[O])C,0
60605,C[C@H](C(=O)[O])[C@H]1C[C@H]1[NH3],0
60612,C[C@H](C(=O)[O])[C@H]1[NH2][C@H]1C,0
60617,C[C@H]1C[C@H]1[C@H](C(=O)[O])[NH3],0
60622,C[C@H]1N[C@H]1[C@H](C(=O)[O])[NH3],0
60625,C[C@H]1O[C@H]1[C@H](C(=O)[O])[NH3],0
60630,CN1C[C@H]1[C@H](C(=O)[O])[NH3],0
60634,[O]C(=O)[C@H]([C@H]1C[C@H]1O)[NH3],0
60635,[NH3][C@H]1C[C@H]1[C@H](C(=O)[O])O,0
60641,C[C@H](C(=O)[O])[C@H]1CC[NH2]1,0
60644,C[C@H](C(=O)[O])C1C[NH2]C1,0
60647,C[C@H](C(=O)[O])[NH]1CCC1,0
60655,[NH3][C@H](C(=O)[O])C1CCC1,0
60656,N[C@H](C(=O)[O])[C@H]1CC[NH2]1,0
60657,[NH3][C@H](C(=O)[O])[C@H]1CCO1,0
60658,[NH3][C@H](C(=O)[O])C1COC1,0
60659,O[C@H](C(=O)[O])[C@H]1CC[NH2]1,0
60664,CC(=[NH2])N[C@@H](C(=O)[O])C,0
60665,NC(=[NH2])N[C@@H](C(=O)[O])C,0
60715,C[C@H](C(=O)C(=[NH2])[NH])C=O,0
60720,N=CN(C(=O)C(=[NH2])[NH])C,0
60725,CN(C(=O)C(=[NH2])[NH])C=O,0
60727,[NH]C(=[NH2])C(=O)[C@H](C=O)O,0
60810,[NH2]=CN([C@@H](C(=O)[O])C)C,0
61290,C#CC[NH](CC(=O)[O])C,0
61295,C#CC[C@@H](CC(=O)[O])[NH3],0
61297,N#CC[C@@H](CC(=O)[O])[NH3],0
61413,NC(=[NH2])C[C@@H](C(=O)[O])C,0
61416,[O]C(=O)C[C@@H](C(=[NH2])N)C,0
61417,CC(=[NH2])N[C@@H](C(=O)[O])C,0
61420,NC(=[NH2])N[C@@H](C(=O)[O])C,0
61425,NC(=[NH2])O[C@@H](C(=O)[O])C,0
61432,[O]C(=O)CN(C(=[NH2])C)C,0
61433,[O]C(=O)CN(C(=[NH2])N)C,0
61434,[O]C(=O)C[C@@H](C(=[NH2])N)O,0
61437,NC(=[NH2])C[C@@H](C(=O)[O])N,0
61439,NC(=O)C[C@H](C(=O)[O])[NH3],0
61441,[O]C(=O)C[C@@H](C(=O)N)[NH3],0
61464,C[NH](C1CC1)CC(=O)[O],0
61468,[NH3][C@H](C1CC1)CC(=O)[O],0
61469,[NH3][C@H]([C@H]1CN1)CC(=O)[O],0
61470,[NH3][C@H]([C@H]1CO1)CC(=O)[O],0
61554,C[C@H](C(=O)[O])C[C@H]1C[NH2]1,0
61559,C[C@H](C(=O)[O])[NH2]C1CC1,0
61572,[NH3][C@H](C(=O)[O])CC1CC1,0
61573,[NH3][C@H](C(=O)[O])C[C@H]1CN1,0
61574,[NH3][C@H](C(=O)[O])C[C@H]1CO1,0
61575,[NH3][C@H](C(=O)[O])CN1CC1,0
61576,O[C@H](C(=O)[O])C[C@H]1C[NH2]1,0
61865,C[C@H](NC=[NH2])CC(=O)[O],0
61899,C[C@H](C(=O)[O])[NH2]CC#C,0
61912,[NH3][C@H](C(=O)[O])CCC#C,0
61913,[NH3][C@H](C(=O)[O])CCC#N,0
61996,C[C@H](C#C)[NH2]CC(=O)[O],0
62008,[NH3][C@H](C#C)CCC(=O)[O],0
62024,O=C[C@H]([NH2]CC(=O)[O])C,0
62029,CN(C=[NH2])CCC(=O)[O],0
62084,C[C@H](C(=O)[O])CNC=[NH2],0
62093,O=CC[NH2][C@@H](C(=O)[O])C,0
62102,N[C@H](C(=O)[O])CNC=[NH2],0
62103,O=CNC[C@@H](C(=O)[O])[NH3],0
62104,[NH3][C@H](C(=O)[O])COC=N,0
62105,O=COC[C@@H](C(=O)[O])[NH3],0
62106,O[C@H](C(=O)[O])CNC=[NH2],0
63510,O=CC1(C=O)C[C@@]1(C)O,0
63607,N#CC(=N)N1CC1(C)C,0
63617,O=CC(=N)N1CC1(C)C,0
66422,N[C]1N[C@@H]2[C@@]1(O)C2=C[O],0
66494,C[C@]12[C@@H]3[N][C]4[C@H]1[C@H]2[C@H]3O,0
66496,C[C@@]12[C@H]3[CH][C]4[C@@H]1N2[C@@H]3C4,0
66502,C[C@]12[C@@H]3O[C]4[C@H]1[C@H]2[C@H]3[N],0
66511,N[C@@]12[C@@H]3C[N][C]4[C@H]2[C@H]1N34,0
66519,O[C@@]12[C@@H]3[C]4[C@H]2[C@H]1N3C[CH]4,0
66597,C[C@]12[C]3O[C@@H]4[C@H]1[C@H]2[C@@H]4[N,0
66603,O[C@]12[C]3O[C@@H]4[C@H]1[C@H]2[C@@H]4[N,0
66604,O[C@@]12[C]3CN4[C@@H]1[C@@H]2[C@H]4[CH]3,0
66868,O[C@]12[C@H]3[C]4[CH][C@@H]2[C@@H]1N3C4,0
67056,C[C@@]12[C@H]3C[C@@]2(O3)CC1=O,0
67061,N=C1O[C@]23[C@]1(N)[C@H](C2)C3,0
67062,O=C1O[C@]23[C@]1(N)[C@H](C2)C3,0
67239,[O]C=C1[C@H]2[NH2][C@H]3[C@@H]1[C@@]23O,0
67720,C[C@]12[CH][C]3[C@H]4[C@@H]2[C@@H]1N4C3,0
67724,O[C@]12[CH][C]3[C@H]4[C@@H]2[C@@H]1N4C3,0
68731,N[C@]12C[C@@]2([C@@H]2[C@H]1O2)C#N,0
68732,N[C@]12C[C@@]2(N2[C@H]1C2)C#N,0
70954,O=C1C[C@@]23[C@@H]1[C@@](C2)(O3)C,0
71536,N[C@@]12C[C@H]3[C@@H]1N[C@@]23C#N,0
72314,N[C@]12[C]3[N]C[C@@]2([C@@H]1N3)N,0
72315,N[C@@]12C[N][C]3[C@]2([C@H]1N3)O,0
72317,N[C@@]12C[N][C]3[C@]2([C@H]1O3)O,0
72319,O[C@]12[C]3[N]C[C@@]2([C@@H]1N3)O,0
72638,[O]C=C1[C@]2([C@]1(O)C[NH2]2)C,0
75053,N[C@@H]1NC(=N)C(=CN1)[O],0
75644,O=C1[C@H](C)[C@@]23[C@@H]1[C@@H](C2)O3,0
75649,O=C1[C@H](O)[C@@]23[C@@H]1[C@@H](C2)O3,0
76081,C#C[C@H]1[C@H]([C@H]1[NH3])C(=O)[O],0
76083,N#C[C@H]1[C@H]([C@H]1[NH3])C(=O)[O],0
76133,[NH3][C@H]1[C@H](C1(C)C)C(=O)[O],0
76137,[O]C(=O)[C@@H]1[C@@H]([C@@]1(C)O)[NH3],0
76377,C[C@@H]1[C@@H]([C@@]1([NH3])C(=O)[O])C,0
76381,[O]C(=O)[C@@]1(N)[C@@H]([C@@H]1C)[NH3],0
76382,[O]C(=O)[C@@]1(O)[C@@H]([C@@H]1C)[NH3],0
76385,[O]C(=O)[C@@]1([NH3])[C@@H]([C@@H]1C)O,0
76392,[O]C(=O)[C@]1([NH3])[C@H]([C@H]1O)O,0
76396,[O]C(=O)[C@@]1(N)[C@@H]([C@@H]1[NH3])O,0
76597,C[C@@H]1[C@@H](N1C(=N)C#N)C,0
76607,O=CC(=N)N1[C@H]([C@H]1C)C,0
76662,[O]C(=O)C[C@@H]1[C@@H]([C@@H]1C)[NH3],0
76672,N[C@H]1[C@H]([C@H]1CC(=O)[O])[NH3],0
76673,[O]C(=O)C[C@@H]1[C@@H]([C@@H]1[NH3])O,0
76962,N[CH]N1[C@H]([C@@H]1C)C(=O)[O],0
77133,N[C]1N[C@H]([C@@H]1C)C(=O)[O],0
77151,[O]C(=O)[C@@H]1NC(=O)[C@H]1[NH3],0
77460,O=C1C[C@]2([C@]1(O)[C@H]2O)O,0
77639,N[C@]12CN[C@@]2([C@H]1O)C#N,0
79693,[O][C@]12[C@H]3[N@@]2([C@@H]1[C@H]1[C@@H,0
79694,[O][C@]12[C@H]3[N@@]2([C@@H]1[C@H]1[C@@H,0
79695,[O][C@]12[C@H]3[N@@]2([C@@H]1[C@H]1[C@@H,0
80208,N#C[C@@]12C(=O)[N][C@@H]1[C@@H]2[NH3],0
80588,[O]C(=O)[C@H]1[NH2][C@H]2[C@@H]1[C@H]2C,0
80596,[O]C(=O)[C@H]1[NH2][C@H]2[C@@H]1[C@H]2N,0
80598,[O]C(=O)[C@H]1[NH2][C@H]2[C@@H]1[C@H]2O,0
81061,[NH3][C@H]1[C@@H]2C[C@]1(C2)C(=O)[O],0
81062,[NH3][C@H]1[C@H]2C[C@@]1(N2)C(=O)[O],0
81063,[NH3][C@H]1[C@H]2C[C@@]1(O2)C(=O)[O],0
81201,O=C1C[C@]23[C@@H]1[C@H](O2)[C@@H]3C,0
82087,[O]C(=O)[C@H]1[C@@H]([NH3])[C@@H]2[C@H]1,0
82088,[NH3][C@@H]1[C@@H](N2[C@@H]1C2)C(=O)[O],0
82089,[O]C(=O)[C@H]1[C@@H]([NH3])[C@@H]2[C@H]1,0
82090,[O]C(=O)[C@H]1[C@@H]([NH3])[C@@H]2[C@H]1,0
83398,[O]C(=O)[C@@]12[NH2]C[C@@H]1[C@@H]2C,0
83412,[O]C(=O)[C@@]12[NH2]C[C@@H]1[C@@H]2N,0
83413,[O]C(=O)[C@@]12OC[C@@H]1[C@@H]2[NH3],0
83416,[O]C(=O)[C@@]12[NH2]C[C@@H]1[C@@H]2O,0
84331,[NH3][C]1C=CC(=O)OC1=N,0
84797,C[C@H]1N[CH]N[C@H]1C(=O)[O],0
84802,[O]C(=O)[C@@H]1CC=C[C@@H]1[NH3],0
85155,C[C@H]1CC(=O)N1C(=[NH2])[NH],0
85772,C[C@H]1CN(C1=O)C(=[NH2])[NH],0
85780,CN1C[C@H]([C]1N)C(=O)[O],0
85781,[NH]C(=[NH2])N1C[C@H](C1=O)O,0
85785,[NH]C(=[NH2])N1C[C@@H](C1=O)N,0
85956,C[C@@]1(C[C@@H]([NH2]1)C)C(=O)[O],0
85959,C[C@@H]1C[C@@](C1)([NH3])C(=O)[O],0
85964,CN1CC(C1)([NH3])C(=O)[O],0
85968,O[C@@H]1C[C@@](C1)([NH3])C(=O)[O],0
85969,[NH3][C@@H]1C[C@@](C1)(O)C(=O)[O],0
86320,C[C@H]1C[C@H]([C@H]1C(=O)[O])[NH3],0
86325,C[C@H]1C[NH]([C@H]1C(=O)[O])C,0
86326,C[C@@H]1[NH2][C@@H]([C@@H]1C(=O)[O])C,0
86329,CN1C[C@H]([C@H]1C(=O)[O])[NH3],0
86333,[NH3][C@H]1C[C@H]([C@H]1C(=O)[O])O,0
86564,[NH3][C@H]1C[C@H]([C@H]1C)C(=O)[O],0
86571,C[C@H]1C[C@@H]([C@H]1[NH3])C(=O)[O],0
86574,C[NH]1[C@H](C[C@@H]1C)C(=O)[O],0
86577,C[C@H]1[NH2][C@@H]([C@H]1C)C(=O)[O],0
86578,C[C@H]1[NH2][C@@H]([C@H]1N)C(=O)[O],0
86580,C[C@H]1[NH2][C@@H]([C@H]1O)C(=O)[O],0
86583,[O]C(=O)[C@H]1O[C@@H]([C@@H]1[NH3])C,0
86587,O[C@H]1C[C@H]([C@H]1[NH3])C(=O)[O],0
86736,C[C@H]1[NH2][C@@H](C=C1)C(=O)[O],0
86742,[NH3][C@H]1C[C@@H](C=C1)C(=O)[O],0
86814,C[C@H]1C[C@H]([NH2]1)CC(=O)[O],0
86817,CC1C[NH](C1)CC(=O)[O],0
86822,C[NH]1CC(C1)CC(=O)[O],0
86827,[NH3][C@@H]1C[C@@H](C1)CC(=O)[O],0
86828,[NH3]C1CN(C1)CC(=O)[O],0
86850,[NH3][C@H]1C[C@@H]([N]C1=O)C#N,0
87024,C[C@H]1O[C@]1(C#C)C(=[NH2])[NH],0
87027,C[C@H]1O[C@]1(C#N)C(=[NH2])[NH],0
87037,[NH3][C@H]1C[C@]1(C#N)C(=O)[O],0
87178,C[C@@]1(CC(=O)[O])C[C@H]1[NH3],0
87187,C[C@H]1C[C@]1([NH3])CC(=O)[O],0
87192,C[C@]1(CC(=O)[O])[NH2][C@@H]1C,0
87198,[O]C(=O)C[C@]1([NH3])C[C@H]1O,0
87199,[NH3][C@]1(CC(=O)[O])C[C@@H]1N,0
87200,[NH3][C@H]1C[C@]1(O)CC(=O)[O],0
88225,[NH3][C@H]1C[C@H]1C#CC(=O)[O],0
88258,C[C@H]1C[C@H]1C(=O)C(=[NH2])[NH],0
88260,C[C@H]1CN1C(=N)C(=O)C,0
88261,C[C@H]1CN1C(=N)C(=O)N,0
88263,C[C@H]1CN1C(=O)C(=[NH2])[NH],0
88266,C[C@H]1N[C@H]1C(=O)C(=[NH2])[NH],0
88269,C[C@H]1O[C@H]1C(=O)C(=[NH2])[NH],0
88272,CN1C[C@H]1C(=O)C(=[NH2])[NH],0
88274,[NH]C(=[NH2])C(=O)[C@H]1C[C@H]1O,0
88322,C[C@H]1CN1C(=O)OC=N,0
88359,[NH3][C@H]1C[C@H]1[C](C#N)C#N,0
88571,C[C@H]1CN1[C]1[N]CCO1,0
88924,[NH3][C@H]1C[C@H]1[N]C(=O)C#N,0
89020,C[C@H]1C[C@H]1[NH2]CC(=O)[O],0
89025,C[C@H]1[NH2][C@H]1CCC(=O)[O],0
89046,[NH3][C@H]1C[C@H]1CCC(=O)[O],0
89047,N[C@H]1C[C@H]1[NH2]CC(=O)[O],0
89048,[NH3][C@H]1C[C@H]1OCC(=O)[O],0
89049,[O]C(=O)C[NH2][C@@H]1C[C@@H]1O,0
89618,C[C@H]1[NH2][C@@]2([C@H]1C2)C(=O)[O],0
89627,[NH3][C@H]1C[C@@]2([C@H]1N2)C(=O)[O],0
90040,O[C@@H]1C[C@@]23[C@@H]1[C@@](C2)(O3)C,0
90051,C[C@H]1C[C@@]23[N@]41[C@@H]([C@]24[O])C3,0
90287,O=C1[CH][C]2[C](O1)[C@H](C2)[NH3],0
90503,C[C@H]1[NH2][C@@H]2[C@@]1(O)C2=C[O],0
90686,C[C@H]1[NH2][C@H]2[C@@H]1[C@H]2C(=O)[O],0
90689,C[NH]1C[C@H]2[C@@H]1[C@H]2C(=O)[O],0
91258,O=C1O[C]2[C]([CH]1)[NH](C2)C,0
91259,O=C1O[C]2[C]([CH]1)[C@H](C2)[NH3],0
91524,C[NH]1C[C@@H]2[C@]1(C2)C(=O)[O],0
91529,[NH3][C@H]1C[C@@H]2[C@]1(C2)C(=O)[O],0
91530,[NH3][C@H]1C[C@@H]2[C@]1(N2)C(=O)[O],0
91531,[NH3][C@H]1C[C@@H]2[C@]1(O2)C(=O)[O],0
91532,[NH3][C@H]1CN2[C@]1(C2)C(=O)[O],0
92762,[NH3][C@@H]1CC(=CC1)C(=O)[O],0
92968,C[C@H]1N[CH]N[C@H]1C(=O)[O],0
92972,C[NH]1CC=C[C@H]1C(=O)[O],0
92974,[NH3][C@H]1CC=C[C@H]1C(=O)[O],0
93324,[NH3][C@H]1C[N]C(=O)[C@H]1C#N,0
93574,[NH3][C@H]1CCC(=C1)C(=O)[O],0
93919,C[C@@H]1[NH2]C[C@H](C1)C(=O)[O],0
93924,C[C@H]1CC[C@@H]([NH2]1)C(=O)[O],0
93929,C[C@@H]1C[C@H]([NH2]C1)C(=O)[O],0
93933,C[C@H]1CO[C@@H](O1)C(=[NH2])[NH],0
93937,C[NH]1CC[C@@H](C1)C(=O)[O],0
93943,O[C@H]1C[NH2][C@@H](C1)C(=O)[O],0
94159,C[C@]1(CC[C@H]1[NH3])C(=O)[O],0
94161,C[C@]1([NH2]C[C@H]1N)C(=O)[O],0
94162,O[C@@H]1C[NH2][C@@]1(C)C(=O)[O],0
94163,C[C@]1(OC[C@H]1[NH3])C(=O)[O],0
94167,C[C@H]1CC[C@]1([NH3])C(=O)[O],0
94170,C[C@@]1([NH2]C[C@@H]1C)C(=O)[O],0
94173,C[C@@]1(C[NH2][C@@H]1C)C(=O)[O],0
94174,C[C@H]1[NH2]C[C@]1(N)C(=O)[O],0
94175,C[C@H]1[NH2]C[C@]1(O)C(=O)[O],0
94179,C[C@H]1OC[C@]1([NH3])C(=O)[O],0
94184,O[C@@H]1CC[C@@]1([NH3])C(=O)[O],0
94185,N[C@]1(CC[C@H]1[NH3])C(=O)[O],0
94186,[NH3][C@H]1CC[C@]1(O)C(=O)[O],0
94588,C[C@H]1CC[NH]1CC(=O)[O],0
94589,C[C@H]1C[NH2][C@H]1CC(=O)[O],0
94592,C[C@H]1[NH2]C[C@H]1CC(=O)[O],0
94599,C[NH]1CC[C@H]1CC(=O)[O],0
94605,N[C@H]1C[NH2][C@H]1CC(=O)[O],0
94606,[NH3][C@H]1CO[C@H]1CC(=O)[O],0
94607,[O]C(=O)C[C@@H]1[NH2]C[C@@H]1O,0
95445,[NH3][C@H]1CCC=C1C(=O)[O],0
95446,[NH3][C@H]1CNC=C1C(=O)[O],0
95978,C[C@H]1CC[NH2][C@H]1C(=O)[O],0
95981,C[C@H]1C[NH2]C[C@H]1C(=O)[O],0
95984,C[C@H]1[NH2]CC[C@H]1C(=O)[O],0
95989,C[NH]1CCC[C@H]1C(=O)[O],0
95993,[NH3][C@H]1CCC[C@H]1C(=O)[O],0
95994,[NH3][C@H]1CCO[C@H]1C(=O)[O],0
95995,[NH3][C@H]1COC[C@H]1C(=O)[O],0
95996,O[C@H]1CC[NH2][C@H]1C(=O)[O],0
95997,O[C@H]1C[NH2]C[C@H]1C(=O)[O],0
96616,CN=C(C(=O)C(=[NH2])[NH])N,0
96637,C[C@@H](C(=O)[O])C(=[NH2])NC,0
96638,CNC(=[NH2])[C@H](C(=O)[O])N,0
96674,C[C](NC)NCC(=O)[O],0
96677,CNC(=[NH2])CCC(=O)[O],0
96678,CNC(=[NH2])NCC(=O)[O],0
96719,CN=C(C(=O)[O])NC=[NH2],0
96723,CN=C(C(=[NH2])[NH])OC=O,0
96877,CN[C]1C[C@@H](N1)C(=O)[O],0
97116,CN[C]1NC[C@H]1C(=O)[O],0
97260,[O]C(=O)[C@H](C#C)NC=[NH2],0
97265,[NH2]=CNC(C(=O)[O])(C)C,0
97272,C[C@H](NC=[NH2])CC(=O)[O],0
97273,CN[CH]N(CC(=O)[O])C,0
97279,CN=CN(C(=[NH2])[NH])C=O,0
97291,[NH2]=CNC1(CC1)C(=O)[O],0
97306,CN[CH]N1C[C@H]1C(=O)[O],0
97307,[O]C(=O)[C@@H]1C[C@@H]1NC=[NH2],0
97313,[O]C(=O)C#CCNC=[NH2],0
97318,CN[CH]NC(=N)C(=O)[O],0
97320,CN=CNC(=O)C(=[NH2])[NH],0
97323,CN=COC(=O)C(=[NH2])[NH],0
97352,[NH2]=CNCC(=O)[CH]C=O,0
97363,C[C@H](C(=O)[O])CNC=[NH2],0
97364,C[C@@H](C(=O)[O])N[CH]NC,0
97367,N[C@@H](C(=O)[O])CNC=[NH2],0
97368,O[C@@H](C(=O)[O])CNC=[NH2],0
97455,CN[CH]NCCC(=O)[O],0
97497,CCC#CC(=O)C(=[NH2])[NH],0
97499,[NH]C(=[NH2])C(=O)C#CCO,0
97529,C#C[C](C#CC[NH3])C#N,0
97530,[NH3]CC#C[C](C#N)C#N,0
97562,C[C@H](C(=O)[O])C#CC[NH3],0
97568,CCC#C[C@H](C(=O)[O])[NH3],0
97573,OCC#C[C@@H](C(=O)[O])[NH3],0
97574,[NH3]CC#C[C@H](C(=O)[O])O,0
97965,[NH3]CC#CCCC(=O)[O],0
98056,CCC(=O)C(=O)C(=[NH2])[NH],0
98059,CNC(=N)C(=O)C(=[NH2])[NH],0
98062,CNC(=O)C(=O)C(=[NH2])[NH],0
98065,COC(=O)C(=O)C(=[NH2])[NH],0
98067,OCC(=O)C(=O)C(=[NH2])[NH],0
98229,CN(C(=[NH2])[NH])C(=O)CO,0
98233,C[C@@H](C(=O)[O])C(=[NH2])NC,0
98234,CNC(=[NH2])[C@H](C(=O)[O])N,0
98239,CNC(=O)[C@H](C(=O)[O])[NH3],0
98254,CN(C(=[NH2])[NH])C(=O)OC,0
98713,COC(=N)N1C[C@H]1C#C,0
98714,COC(=N)N1C[C@H]1C#N,0
98723,OCC(=N)N1C[C@H]1C#C,0
98724,OCC(=N)N1C[C@H]1C#N,0
98743,COC(=N)N1C[C@H]1C=O,0
98749,OCC(=N)N1C[C@H]1C=O,0
98939,[NH3]CC(=NC(=O)C#N)[NH],0
98940,[NH3]CC(=O)N=C(C#N)[NH],0
99044,C[C@H](C#N)[N]C(=O)C[NH3],0
99211,CCC(=[NH2])NCC(=O)[O],0
99223,CNC(=[NH2])CCC(=O)[O],0
99224,CNC(=[NH2])NCC(=O)[O],0
99237,COC(=[NH2])NCC(=O)[O],0
99252,NCC(=[NH2])NCC(=O)[O],0
99253,[NH3]CC(=O)NCC(=O)[O],0
99255,OCC(=[NH2])NCC(=O)[O],0
99689,CC#C[C@H](C(=O)[O])C[NH3],0
99694,C[NH2][C@H](C(=O)[O])C#CC,0
99717,CC[C@H](C(=O)[O])C(=[NH2])N,0
99726,CN[C@H](C(=O)[O])C(=[NH2])N,0
99731,CO[C@H](C(=O)[O])C(=[NH2])N,0
99733,OC[C@@H](C(=O)[O])C(=[NH2])N,0
99735,[NH3]C[C@@H](C(=O)[O])C(=O)N,0
99736,[NH3]C[C@@H](C(=O)[O])C(C)C,0
99739,OC[C@@H](C(=O)[O])[C@H]([NH3])C,0
99740,[NH3]C[C@@H](C(=O)[O])[C@H](O)C,0
99748,CC[C@H](C(=O)[O])[NH](C)C,0
99753,OC[C@@H](C(=O)[O])[NH](C)C,0
99754,C[NH2][C@H](C(=O)[O])C(C)C,0
99755,C[NH2][C@H](C(=O)[O])[C@H](O)C,0
99758,CO[C@H](C(=O)[O])[C@H]([NH3])C,0
99807,C[C@](C(=O)[O])(C#C)C[NH3],0
99809,C[C@](C(=O)[O])(C#N)C[NH3],0
99816,CC[C@](C(=O)[O])(C#C)[NH3],0
99821,CC[C@](C(=[NH2])[NH])(C#N)O,0
99823,C[C@@](C(=O)[O])(C#C)[NH2]C,0
99829,C[C@@](C(=[NH2])[NH])(C#N)OC,0
99831,[NH]C(=[NH2])[C@](C#N)(CO)O,0
99836,OC[C@@](C(=O)[O])(C#C)[NH3],0
99837,N[C@](C(=O)[O])(C#C)C[NH3],0
99839,[NH3]C[C@](C(=O)[O])(C#C)O,0
99840,NC[C@](C(=[NH2])[NH])(C#N)O,0
100080,OC[C@](CC(=O)[O])([NH3])C,0
100081,C[C@@](C[NH3])(CC(=O)[O])O,0
100089,C[C@@](CC)(CC(=O)[O])[NH3],0
100261,[NH3]C[C@@](C(=O)[O])(CO)C,0
100265,CC[C@](C(=O)[O])(C[NH3])C,0
100268,CC[C@](C(=O)[O])([NH2]C)C,0
100271,CCC(C(=O)[O])(CC)[NH3],0
100272,CC[C@](C(=O)[O])(C[NH3])N,0
100273,CC[C@](C(=O)[O])(CO)[NH3],0
100276,CC[C@](C(=O)[O])(C[NH3])O,0
100279,C[NH2][C@](C(=O)[O])(CO)C,0
100280,C[C@](C(=O)[O])(OC)C[NH3],0
100284,OCC(C(=O)[O])(CO)[NH3],0
100285,[NH3]C[C@@](C(=O)[O])(CO)N,0
100286,[NH3]C[C@](C(=O)[O])(CO)O,0
100418,CCC(=[NH2])NCC(=O)[O],0
100419,C[C](NC)NCC(=O)[O],0
100420,CNC(=[NH2])NCC(=O)[O],0
100425,COC(=[NH2])NCC(=O)[O],0
100427,OCC(=[NH2])NCC(=O)[O],0
100428,NCC(=[NH2])NCC(=O)[O],0
100448,CC[C@H](C#CC(=O)[O])[NH3],0
100451,C[C@@H](C#CC(=O)[O])[NH2]C,0
100455,OC[C@@H](C#CC(=O)[O])[NH3],0
100456,N[C@H](C#CC(=O)[O])C[NH3],0
100506,C[C@H](C(=O)C(=[NH2])[NH])CO,0
100509,C[C@@H](C(=O)C(=[NH2])[NH])CC,0
100512,CC[C@H](C(=O)C(=[NH2])[NH])O,0
100517,CN(C(=O)C(=[NH2])[NH])CC,0
100521,C[C@@H](C(=O)C(=[NH2])[NH])OC,0
100523,[NH]C(=[NH2])C(=O)[C@H](CO)O,0
100626,[NH3]C[C@@H]([C](C#N)C#N)N,0
100704,NC[C@@H]([C@@H](C(=O)[O])C)[NH3],0
100705,OC[C@@H]([C@@H](C(=O)[O])C)[NH3],0
100706,[NH3]C[C@@H]([C@@H](C(=O)[O])C)O,0
100709,[NH3]C[C@@H]([C@H](C(=O)[O])C)C,0
100713,OC[C@@H]([C@H](C(=O)[O])[NH3])C,0
100720,CC[C@H]([C@H](C(=O)[O])[NH3])C,0
100725,CC[C@H]([C@H](C(=O)[O])C)[NH3],0
100726,CC[C@H]([C@H](C(=O)[O])N)[NH3],0
100727,CC[C@H]([C@H](C(=O)[O])O)[NH3],0
100730,CC[C@H]([C@H](C(=O)[O])[NH3])O,0
100733,CC[NH]([C@H](C(=O)[O])C)C,0
100735,C[NH2][C@H]([C@H](C(=O)[O])N)C,0
100736,C[NH2][C@H]([C@H](C(=O)[O])O)C,0
100739,CO[C@H]([C@H](C(=O)[O])[NH3])C,0
100743,OC[C@@H]([C@@H](C(=O)[O])[NH3])O,0
100744,OC[C@@H]([C@@H](C(=O)[O])N)[NH3],0
100745,OC[C@@H]([C@H](C(=O)[O])O)[NH3],0
100746,NC[C@H]([C@H](C(=O)[O])O)[NH3],0
100747,[NH3]C[C@H]([C@H](C(=O)[O])O)O,0
101520,C[C@H]([N]C(=O)C#N)C[NH3],0
101763,C[C@@H](C[NH3])CCC(=O)[O],0
101764,C[C@H]([NH2]CC(=O)[O])CN,0
101765,C[C@H](OCC(=O)[O])C[NH3],0
101773,OC[C@@H]([NH2]CC(=O)[O])C,0
101782,C[C@@H]([NH2]CC(=O)[O])CC,0
101785,CC[C@H](CCC(=O)[O])[NH3],0
101793,C[NH](CC)CCC(=O)[O],0
101794,C[C@H]([NH2]C)CCC(=O)[O],0
101805,OC[C@@H](CCC(=O)[O])[NH3],0
101806,[NH3][C@H](CN)CCC(=O)[O],0
101918,CC[C@H](C(=O)[O])[C@H]1C[NH2]1,0
101925,C[NH2][C@H](C(=O)[O])C1CC1,0
101926,C[NH2][C@H](C(=O)[O])[C@H]1CN1,0
101927,C[NH2][C@H](C(=O)[O])[C@H]1CO1,0
101938,[NH3]C[C@H](C(=O)[O])C1CC1,0
101939,[NH3]C[C@H](C(=O)[O])[C@H]1CN1,0
101940,[NH3]C[C@H](C(=O)[O])[C@H]1CO1,0
101941,[NH3]C[C@H](C(=O)[O])N1CC1,0
102128,CC[C@H](C(=O)[O])NC=[NH2],0
102131,[NH2]=CN[C@H](C(=O)[O])CO,0
102149,C[NH2][C@H](C(=O)[O])CC#C,0
102152,C[NH2][C@H](C(=O)[O])CC#N,0
102159,[NH3]C[C@H](C(=O)[O])CC#C,0
102160,[NH3]C[C@H](C(=O)[O])CC#N,0
102225,CN[C](CC(=O)[O])NC,0
102256,C[NH2][C@H](C#C)CC(=O)[O],0
102267,[NH3]C[C@H](C#C)CC(=O)[O],0
102268,[NH3]C[C@H](C#N)CC(=O)[O],0
102284,CCN(C=[NH2])CC(=O)[O],0
102285,C[NH2][C@@H](CC(=O)[O])C=O,0
102610,CC[C@@H](CC(=O)[O])[NH2]C,0
102617,CC[C@H](CC(=O)[O])C[NH3],0
102625,CC[NH](CC(=O)[O])CC,0
102626,C[NH2][C@@H](CN)CC(=O)[O],0
102627,C[NH2][C@H](CC(=O)[O])CO,0
102628,CO[C@@H](C[NH3])CC(=O)[O],0
102634,[NH3]C[C@H](CC(=O)[O])CO,0
102778,CC[C@H](C(=O)[O])NC=[NH2],0
102787,O=CC[C@@H](C(=O)[O])[NH2]C,0
102795,[NH3]C[C@H](C(=O)[O])OC=N,0
102797,[NH2]=CN[C@@H](C(=O)[O])CO,0
103800,C[C@@]1(C[NH3])O[C@H]1C(=O)[O],0
103816,C[C@@]1(C[C@H]1C(=O)[O])[NH2]C,0
103820,OC[C@]1([NH3])C[C@H]1C(=O)[O],0
104556,[NH3]C[C@]1(CC(=O)[N]1)C#N,0
104586,CC[C@@]1(CC(=O)[O])C[NH2]1,0
104592,C[NH2]C1(CC1)CC(=O)[O],0
104600,[NH3]CC1(CC1)CC(=O)[O],0
104601,[NH3]C[C@@]1(CC(=O)[O])CN1,0
104602,[NH3]C[C@@]1(CC(=O)[O])CO1,0
105183,C[C@H]1C[C@]1(C[NH3])C(=O)[O],0
105186,C[C@H]1N[C@]1(C[NH3])C(=O)[O],0
105189,C[C@H]1O[C@]1(C[NH3])C(=O)[O],0
105203,CN1C[C@]1(C[NH3])C(=O)[O],0
105206,C[NH2][C@]1(C[C@H]1C)C(=O)[O],0
105207,C[NH2][C@]1(C[C@H]1N)C(=O)[O],0
105208,C[NH2][C@]1(C[C@H]1O)C(=O)[O],0
105216,[NH3]C[C@]1(C[C@H]1O)C(=O)[O],0
105290,OC[C@]1(CN1C=N)C#N,0
105485,CC[C@]1(CC[NH2]1)C(=O)[O],0
105488,CCC1(C[NH2]C1)C(=O)[O],0
105491,C[NH2]C1(CCC1)C(=O)[O],0
105492,CNC1(C[NH2]C1)C(=O)[O],0
105495,C[NH2]C1(COC1)C(=O)[O],0
105498,COC1(C[NH2]C1)C(=O)[O],0
105504,[NH3]CC1(CCC1)C(=O)[O],0
105505,[NH3]C[C@]1(CCO1)C(=O)[O],0
105506,[NH3]CC1(COC1)C(=O)[O],0
105507,OC[C@]1(CC[NH2]1)C(=O)[O],0
105508,OCC1(C[NH2]C1)C(=O)[O],0
105579,[NH3]C[C@]1(C[N]C1=O)C#N,0
108412,CO[C@]12C[NH2][C@H]1C2=C[O],0
108756,[NH3]CC1=C(C)OC(=O)[CH]1,0
108891,[NH3]CC1=N[C](CO1)C#N,0
109729,[NH3]C[C@H]1[C@H]([C@H]1C)C(=O)[O],0
109738,CC[C@@H]1[C@@H]([C@@H]1[NH3])C(=O)[O],0
109745,[NH3]C[C@H]1[C@H](N1C)C(=O)[O],0
109748,C[NH2][C@@H]1[C@@H]([C@@H]1C)C(=O)[O],0
109749,C[NH2][C@@H]1[C@@H]([C@@H]1N)C(=O)[O],0
109750,C[NH2][C@@H]1[C@@H]([C@@H]1O)C(=O)[O],0
109753,CO[C@@H]1[C@@H]([C@@H]1[NH3])C(=O)[O],0
109757,OC[C@H]1[C@H]([C@H]1[NH3])C(=O)[O],0
109758,[NH3]C[C@@H]1[C@@H]([C@@H]1O)C(=O)[O],0
110083,NC[C@H]1[C@H](N1C=N)C#N,0
110085,OC[C@H]1[C@H](N1C=N)C#N,0
110174,[NH3]C[C@@H]1C(=O)[N][C@H]1C#N,0
112230,[NH3]C[C@H]1[N]C(=O)[C@H]1C#N,0
112231,[NH3]C[C@H]1OC(=O)[C]1C#N,0
112338,[NH3]CC1=C(C)[CH]C(=O)O1,0
112355,[NH3]CC1=C(N)[CH]C(=O)O1,0
112392,[NH3]C[C@H]1[N]C(=O)NC1=O,0
112393,[NH3]C[C@H]1OC(=O)[N]C1=O,0
112941,CC[C@H]1C[C@@H]([NH2]1)C(=O)[O],0
112956,NC[C@H]1C[C@@H]([NH2]1)C(=O)[O],0
112957,[NH3]C[C@H]1C[C@@H](O1)C(=O)[O],0
112958,OC[C@H]1C[C@@H]([NH2]1)C(=O)[O],0
113159,C[C@]1(N[C@H]1C[NH3])C(=O)[O],0
113165,CC[C@H]1C[C@]1([NH3])C(=O)[O],0
113179,CO[C@H]1C[C@]1([NH3])C(=O)[O],0
113183,OC[C@@H]1C[C@@]1([NH3])C(=O)[O],0
113622,CC[C@H]1CN1C(=N)C#N,0
113635,OC[C@H]1CN1C(=N)C#N,0
113643,CC[C@H]1CN1C(=N)C=O,0
113650,OC[C@H]1CN1C(=N)C=O,0
113684,COC(=N)N1C[C@H]1CO,0
113785,CC[C@H]1CN1C(C)([CH2])[CH2],0
113896,CC[C@H]1[NH2][C@H]1CC(=O)[O],0
113901,C[NH2][C@H]1C[C@H]1CC(=O)[O],0
113914,[NH3]C[C@H]1C[C@H]1CC(=O)[O],0
113915,[NH3]C[C@H]1CN1CC(=O)[O],0
113916,[NH3]C[C@H]1N[C@H]1CC(=O)[O],0
113917,[NH3]C[C@H]1O[C@H]1CC(=O)[O],0
115031,[NH3]C[C@H]1OC=N[C]1C#N,0
115677,CC[C@H]1C[NH2][C@H]1C(=O)[O],0
115680,CC[C@H]1[NH2]C[C@H]1C(=O)[O],0
115683,CC[NH]1CC[C@H]1C(=O)[O],0
115684,C[NH2][C@H]1CC[C@H]1C(=O)[O],0
115685,CN[C@H]1C[NH2][C@H]1C(=O)[O],0
115686,C[NH2][C@H]1CO[C@H]1C(=O)[O],0
115691,CO[C@H]1C[NH2][C@H]1C(=O)[O],0
115700,NC[C@H]1[NH2]C[C@H]1C(=O)[O],0
115701,[NH3]C[C@H]1OC[C@H]1C(=O)[O],0
115702,OC[C@H]1C[NH2][C@H]1C(=O)[O],0
115703,OC[C@H]1[NH2]C[C@H]1C(=O)[O],0
116537,CCNC(=[NH2])CC(=O)[O],0
116649,C[C@@H](C(=O)[O])N[CH]NC,0
116796,CCN[CH]NCC(=O)[O],0
116944,C[NH2]CC#CCC(=O)[O],0
116948,[NH3]CCC#CCC(=O)[O],0
117292,CCCC(=O)NC(=[NH2])[NH],0
117295,CCNC(=[NH2])CC(=O)[O],0
117310,CCOC(=O)NC(=[NH2])[NH],0
117321,COCC(=O)NC(=[NH2])[NH],0
117324,[NH]C(=[NH2])NC(=O)CCO,0
117428,C[NH2]CC(=O)[N]CC#N,0
117513,CC[NH2][C@H](C(=O)[O])C#C,0
117519,CCO[C@H](C(=[NH2])[NH])C#N,0
117521,C[NH2]C[C@H](C(=O)[O])C#C,0
117523,C[NH2]C[C@H](C(=O)[O])C#N,0
117530,[NH3]CC[C@H](C(=O)[O])C#C,0
117531,[NH3]CC[C@H](C(=O)[O])C#N,0
117632,OCC[C@](C(=O)[O])([NH3])C,0
117633,C[C@](C(=O)[O])(CC[NH3])O,0
117637,C[C@](C(=O)[O])(CCC)[NH3],0
117640,CC[NH2]C(C(=O)[O])(C)C,0
117644,C[C@](C(=O)[O])(C[NH2]C)N,0
117645,C[C@](C(=O)[O])(C[NH2]C)O,0
117648,C[C@](C(=O)[O])(COC)[NH3],0
118175,[NH3]CC[C@@H](CC(=O)[O])C,0
118189,CCC[C@H](CC(=O)[O])[NH3],0
118192,CCC[NH](CC(=O)[O])C,0
118193,C[C@H]([NH2]CC)CC(=O)[O],0
118196,NCC[NH](CC(=O)[O])C,0
118199,OCC[NH](CC(=O)[O])C,0
118200,C[NH2]C[C@H](CC(=O)[O])C,0
118201,C[NH2]C[C@H](CC(=O)[O])O,0
118209,COC[C@H](CC(=O)[O])[NH3],0
118213,OCC[C@@H](CC(=O)[O])[NH3],0
118214,[NH3]CC[C@H](CC(=O)[O])O,0
118326,CCCN(C(=[NH2])[NH])C=O,0
118334,[NH]C(=[NH2])N(C=O)CCO,0
118419,[NH3]CC[C@@H](C(=O)[O])CC,0
118422,C[NH2]C[C@@H](C(=O)[O])CC,0
118427,CCC[C@H](C(=O)[O])C[NH3],0
118430,CCC[C@H](C(=O)[O])[NH2]C,0
118437,CC[NH2][C@H](C(=O)[O])CC,0
118438,CC[NH2][C@H](C(=O)[O])CO,0
118444,OCC[C@@H](C(=O)[O])[NH2]C,0
118445,COC[C@@H](C(=O)[O])[NH2]C,0
118446,C[NH2]C[C@H](C(=O)[O])CO,0
118447,CNC[C@H](C(=O)[O])[NH2]C,0
118449,CO[C@H](C(=O)[O])CC[NH3],0
118452,COC[C@H](C(=O)[O])C[NH3],0
118458,OCC[C@@H](C(=O)[O])C[NH3],0
118459,[NH3]CC[C@H](C(=O)[O])CO,0
119119,CC[NH2]C1(CC1)C(=O)[O],0
119122,C[NH2]CC1(CC1)C(=O)[O],0
119123,C[NH2]C[C@]1(CN1)C(=O)[O],0
119124,C[NH2]C[C@]1(CO1)C(=O)[O],0
119134,[NH3]CCC1(CC1)C(=O)[O],0
119135,[NH3]CC[C@]1(CN1)C(=O)[O],0
119136,[NH3]CC[C@]1(CO1)C(=O)[O],0
119758,C[NH2]Cc1cc(c[nH]1)[O],0
119759,C[NH2]CC1=COC(=O)[CH]1,0
119763,[NH3]CCC1=COC(=O)[CH]1,0
119862,C[NH2]Cc1c[nH]cc1[O],0
120431,C[NH2]CC1=C[CH]C(=O)O1,0
120435,[NH3]CCC1=C[CH]C(=O)O1,0
120704,CC[NH2][C@H]1C[C@H]1C(=O)[O],0
120707,C[NH2]C[C@H]1C[C@H]1C(=O)[O],0
120708,C[NH2]C[C@H]1N[C@H]1C(=O)[O],0
120709,C[NH2]C[C@H]1O[C@H]1C(=O)[O],0
120723,[NH3]CC[C@H]1C[C@H]1C(=O)[O],0
120724,[NH3]CC[C@H]1N[C@H]1C(=O)[O],0
120725,[NH3]CC[C@H]1O[C@H]1C(=O)[O],0
120726,[NH3]CCN1C[C@H]1C(=O)[O],0
121013,C[NH2]Cc1[nH]ccc1[O],0
121426,NC(=NCC[NH3])C(=O)[O],0
121490,CCN[CH]NCC(=O)[O],0
121520,CC[NH2]CC#CC(=O)[O],0
121523,C[NH2]CCC#CC(=O)[O],0
121527,[NH3]CCCC#CC(=O)[O],0
121585,CCCCC(=O)C(=[NH2])[NH],0
121591,CCCNC(=O)C(=[NH2])[NH],0
121594,CCCOC(=O)C(=[NH2])[NH],0
121598,CCOCC(=O)C(=[NH2])[NH],0
121602,COCCC(=O)C(=[NH2])[NH],0
121604,[NH]C(=[NH2])C(=O)CCCO,0
121605,[NH]C(=[NH2])C(=O)NCCO,0
121606,[NH]C(=[NH2])C(=O)OCCO,0
121611,[NH3]CCNC(=O)C(=O)[O],0
121612,[NH3]CCOC(=O)C(=O)[O],0
121701,CC[NH2]CC(=O)[CH]C=O,0
121867,C[C@H](C(=O)[O])[NH2]CCN,0
121868,OCC[NH2][C@@H](C(=O)[O])C,0
121869,C[C@H](C(=O)[O])OCC[NH3],0
121874,CCCC[C@H](C(=O)[O])[NH3],0
121879,C[C@@H](C(=O)[O])[NH2]CCC,0
121883,CC[NH2]C[C@H](C(=O)[O])N,0
121884,CC[NH2]C[C@H](C(=O)[O])O,0
121887,CCOC[C@H](C(=O)[O])[NH3],0
121892,C[C@@H](C(=O)[O])CC[NH2]C,0
121893,C[NH2]CC[C@H](C(=O)[O])O,0
121896,COCC[C@H](C(=O)[O])[NH3],0
121902,OCCC[C@@H](C(=O)[O])[NH3],0
121903,[NH3]CCC[C@H](C(=O)[O])O,0
122776,[NH3]CCC[N]C(=O)C#N,0
123094,CCCC[NH2]CC(=O)[O],0
123097,CCC[NH2]CCC(=O)[O],0
123100,CC[NH2]CCCC(=O)[O],0
123108,C[NH2]CCCCC(=O)[O],0
123109,CNCC[NH2]CC(=O)[O],0
123110,C[NH2]CCOCC(=O)[O],0
123118,COCC[NH2]CC(=O)[O],0
123127,[NH3]CCCOCC(=O)[O],0
123128,NCC[NH2]CCC(=O)[O],0
123130,OCCC[NH2]CC(=O)[O],0
123131,OCC[NH2]CCC(=O)[O],0
123270,C1[C@@H]2C[C@H]3[C@@H]4[C@H]1[C@@]3(C2)O,0
123271,O1[C@H]2C[C]3[C@@H]1[C@@H](C2)[CH]O3,0
123272,O1[C@@H]2O[C@H]3[C@@H]4[C@H]1[C@@]3(C2)N,0
123273,O1[C@@H]2O[C@H]3[C@@H]4[C@H]1[C@@]3(C2)O,0
123545,n1oc2c(n1)[C@H]1C[C@@H]2C1,0
123568,n1nc2c(o1)N1[C@H](C2)C1,0
123589,n1nc2c(o1)N1C[C@@H]2C1,0
123593,n1nc2c(o1)[C@@H]1CN2C1,0
123616,C1N2C[C@@H]2c2c1onn2,0
123620,n1nc2c(o1)[C@@H]1N(C2)C1,0
123630,n1oc2c(n1)[C@@H]1C[C@H]2N1,0
123642,C1[C@H]2N[C@H]2c2c1onn2,0
123655,C1[C@H]2[C@@H]1Nc1c2nno1,0
123674,n1oc2c(n1)[C@@H]1C[C@H]2O1,0
123686,C1[C@H]2O[C@H]2c2c1onn2,0
123699,C1[C@H]2[C@@H]1Oc1c2nno1,0
123902,C1CNc2c(C1)nno2,0
123908,C1CNc2c(N1)onn2,0
123965,C1=NCc2c(N1)onn2,0
123998,C1C=Cc2c(N1)onn2,0
124034,C1C=Cc2c(O1)onn2,0
124122,CC#Cc1nnoc1N,0
124168,CC#Cc1noc(=N)o1,0
124222,CC(=N)Oc1cnno1,0
124250,CC(=O)c1nnoc1N,0
124284,CC(=O)c1noc(=N)o1,0
124332,CC(=O)n1cn[nH]c1=N,0
124334,CC(=O)n1cnoc1=N,0
124344,CC(=O)n1nc[nH]c1=N,0
124346,CC(=O)n1ncoc1=N,0
124353,CC(=O)n1nn[nH]c1=N,0
124355,CC(=O)n1nnoc1=N,0
124463,CC(c1nn[nH]c1)([NH3])C,0
124464,CC(c1[nH]cnn1)([NH3])C,0
124465,CC(c1nnn[nH]1)([NH3])C,0
124547,CC(c1noc(=N)o1)C,0
124597,CC(n1cnoc1=N)C,0
124609,CC(n1ncoc1=N)C,0
124617,CC(n1nn[nH]c1=N)C,0
124619,CC(n1nnoc1=N)C,0
124722,C[C@H](c1c([O])cn[nH]1)[NH3],0
124723,C[C@H](c1oncc1[O])[NH3],0
124724,C[C@H]([C]1ON=NC1=O)[NH3],0
124725,C[C@H](C1NNNC1=O)[NH3],0
124726,C[C@H]([C]1C=NOC1=O)[NH3],0
124727,C[C@H](c1n[nH]oc1=O)[NH3],0
124731,[NH]c1nnc(o1)[C@H]([NH3])C,0
124732,C[C@H](c1n[nH]c(=O)o1)[NH3],0
124733,C[C@H](c1nc(n[nH]1)O)[NH3],0
124734,C[C@H](c1n[nH]cc1[O])[NH3],0
124735,[NH]c1onc(n1)[C@H]([NH3])C,0
124736,C[C@H](C1=NOC(=O)[CH]1)[NH3],0
124738,C[C@H](c1nocc1[O])[NH3],0
124739,C[C@H](c1no[nH]c1=O)[NH3],0
124803,C[C@H](c1noc(=N)o1)O,0
124935,Cc1c(=O)nnoc1C,0
125003,NC1=C([NH])C=NN[C@H]1C,0
125007,Cc1cn[nH]c(=N)c1N,0
125008,N=C1N[N]N=C([C@H]1N)C,0
125055,O=c1nnoc(c1C)N,0
125057,Cc1c(nn[nH]1)C(=[NH2])[NH],0
125062,Cc1onnc1C(=[NH2])[NH],0
125103,C[C@@H]1NN=CC(=C1O)[NH],0
125104,Cc1cn[nH]c(=N)c1O,0
125109,[NH3]Cc1n[nH]c(c1[O])C,0
125110,[NH3]Cc1noc(c1[O])C,0
125117,N=C1O[N]N=C([C@@H]1C)O,0
125123,N=c1cn[nH]c(c1C)O,0
125125,C[C]1C(=NOC1=O)C[NH3],0
125138,Cc1cnoc1C(=[NH2])[NH],0
125151,[NH]C(=[NH2])c1onnc1C,0
125226,Cc1cc(no1)C(=[NH2])[NH],0
125259,Cc1cc(O)n[nH]c1=N,0
125276,Cc1cc2c([nH]1)onn2,0
125284,Cc1cc2c(o1)onn2,0
125361,Cc1c[nH]c2c1nno2,0
125369,Cc1c[nH]nc(c1=N)C,0
125371,N=c1c(C)c[nH]nc1N,0
125373,N=c1c(C)c[nH]nc1O,0
125389,Cc1coc2c1nno2,0
125401,Cc1conc1C(=[NH2])[NH],0
125415,Cc1[nH]nc(c(=N)n1)C,0
125417,N=c1nc(C)[nH]nc1N,0
125421,[NH]C(=[NH2])c1n[nH]c(n1)C,0
125426,Cc1onc(n1)C(=[NH2])[NH],0
125471,Cc1nc2c(o1)onn2,0
125494,Cc1nn(c(=N)[nH]1)C=O,0
125495,Cc1nn(c(=N)o1)C=O,0
125577,Cc1cc(N)c(=N)[nH]n1,0
125579,Cc1cc(O)c(=N)[nH]n1,0
125582,Cc1n[nH]c(=N)n1C=O,0
125583,[NH]C1=N[C@@H](C(=NN1)C)C,0
125619,[NH3]Cc1[nH]nc(c1[O])C,0
125627,N=c1cc(N)[nH]nc1C,0
125635,N=c1cc(O)[nH]nc1C,0
125636,N=c1nc(O)[nH]nc1C,0
125664,N=c1c(N)c[nH]nc1C,0
125666,N=c1c(O)c[nH]nc1C,0
125682,Cc1n[nH]nc1C(=[NH2])[NH],0
125696,Cc1cc(on1)C(=[NH2])[NH],0
125714,Cc1noc(=N)n1C=O,0
125720,Cc1nc(on1)C(=[NH2])[NH],0
125759,[NH3]Cc1onc(c1[O])C,0
125775,[NH3]C[C]1C(=NOC1=O)C,0
125793,Cc1noc2c1nno2,0
125810,Cc1nocc1C(=[NH2])[NH],0
125828,Cc1nonc1C(=[NH2])[NH],0
125905,C[C@H]1Cc2c(N1)onn2,0
125917,C[C@H]1Cc2c(O1)onn2,0
125936,C[C@H]1Cc2n1c(=N)on2,0
125982,C[C@H]1Cn2c1noc2=N,0
126008,C[C@H]1CNc2c1nno2,0
126025,C[C@H]1COc2c1nno2,0
126081,C[C@H]1Oc2c(O1)nno2,0
126089,C[C@H]1OCc2c1nno2,0
126093,C[C@H]1OCc2c1onn2,0
126165,CC[C@H](c1c[nH]nn1)[NH3],0
126166,CC[C@H](c1nnc[nH]1)[NH3],0
126167,CC[C@H](c1nnn[nH]1)[NH3],0
126282,CCc1cc(=N)[nH]nc1,0
126292,CCc1cc(=O)nno1,0
126324,CC[C@H]1C=N[N]NC1=N,0
126347,CCc1connc1=O,0
126348,CCc1nc(=N)cn[nH]1,0
126350,CCC1NNNC(N1)[NH],0
126351,CC[C@@H]1ON=NC(=N1)[NH],0
126352,CC[C@@H]1C=NNC(=N1)[NH],0
126360,CCc1nc(=O)nno1,0
126385,CCc1nn(c(=N)o1)C,0
126412,CCC1=NNC(=NC1)[NH],0
126439,CCc1n[nH]cnc1=N,0
126453,Cn1c(CC)noc1=N,0
126567,CCCc1noc(=N)o1,0
126617,CCCn1cnoc1=N,0
126629,CCCn1ncoc1=N,0
126637,CCCn1nn[nH]c1=N,0
126639,CCCn1nnoc1=N,0
126697,CCn1c(O)n[nH]c1=N,0
126698,CCn1c(C)noc1=N,0
126699,CCn1c(N)noc1=N,0
126700,CCn1c(O)noc1=N,0
126740,CCn1cnc(=N)cn1,0
126741,CCN1CNC(NN1)[NH],0
126763,CCn1nc(oc1=N)C,0
126774,CCn1nc(oc1=N)N,0
126783,CCn1nc([nH]c1=N)O,0
126785,CCn1nc(oc1=N)O,0
126816,CCN1N=CCN=C1[NH],0
126829,CCN1NNC(NN1)[NH],0
126858,CCn1nnn(c1=N)C,0
126865,CC[N]C1=N[N]OC=C1,0
126866,CCN=c1cn[nH]cn1,0
126873,CC[N]C1=N[N]OC=N1,0
126880,CC[N]C1=NCC=NN1,0
126962,CCNc1noc(=N)[nH]1,0
126963,CCNc1noc(=N)o1,0
127028,CCOc1n[nH]c(=N)[nH]1,0
127040,CCOc1noc(=N)o1,0
127083,CN(c1nnoc1N)C,0
127134,CN(c1noc(=N)[nH]1)C,0
127135,CN(c1noc(=N)o1)C,0
127193,Cn1c(n[nH]c1=N)C#N,0
127194,Cn1c(C=O)n[nH]c1=N,0
127196,N=c1nn[nH]c(=N)n1C,0
127198,Cn1c(noc1=N)C#C,0
127199,Cn1c(noc1=N)C#N,0
127200,Cn1c(C=O)noc1=N,0
127201,Cn1c(CN)noc1=N,0
127202,Cn1c(CO)noc1=N,0
127205,[NH]C1NNOC(=N)N1C,0
127251,CN1CC(=C(C=N1)[NH])N,0
127261,Cn1cc(nn1)C(=[NH2])[NH],0
127271,CN1CC(=C(C=N1)[NH])O,0
127274,[NH3]Cc1nn(cc1[O])C,0
127324,Cn1ccc2c1onn2,0
127328,Cn1cnc(=N)c(n1)C,0
127329,Cn1cnc(=N)c(n1)N,0
127331,Cn1cnc(n1)C(=[NH2])[NH],0
127356,Cn1cnc2c1onn2,0
127362,Cn1cnn(c1=N)C=O,0
127395,CN1Cc2c(C1)nno2,0
127407,CN1CCc2c1onn2,0
127434,Cn1nc(C)ccc1=N,0
127436,CC1=NN(C(=NC1)[NH])C,0
127458,Cn1nc(oc1=N)CN,0
127466,Cn1nc(oc1=N)CO,0
127492,Cn1nc(N)ncc1=N,0
127518,Cn1nc(O)ccc1=N,0
127520,Oc1nn(c(=N)n1C)C,0
127528,Cn1nc(oc1=N)C#C,0
127529,Cn1nc(oc1=N)C#N,0
127530,Cn1nc(oc1=N)C=O,0
127543,Cn1nc2c(n1)nno2,0
127548,N=c1cnn(c(n1)C)C,0
127549,N=c1cnn(c(n1)O)C,0
127553,Cn1nc(cn1)C(=[NH2])[NH],0
127581,Cc1cnn(c(=N)c1)C,0
127583,C[C@@H]1C=NN(C(=N1)[NH])C,0
127599,Cn1ncc(cc1=N)N,0
127606,Cn1ncc(c1C[NH3])[O],0
127608,Cn1ncc(cc1=N)O,0
127634,Cn1ncc2c1onn2,0
127635,Cc1ccnn(c1=N)C,0
127637,Nc1ccnn(c1=N)C,0
127639,Oc1ccnn(c1=N)C,0
127653,Cn1ncn(c1=N)C=O,0
127691,[NH]C1NNN(C(N1)C)C,0
127694,Cn1nnc(=N)[nH]c1=N,0
127698,Cn1nnc(n1)C(=[NH2])[NH],0
127723,CC1=N[N]N(C(=N)C1)C,0
127733,CN1NNC(C1=O)C[NH3],0
127741,CN1[N]N=C(CC1=N)N,0
127778,Cn1nnc2c1onn2,0
127787,N=C1[C@H](C)C=N[N]N1C,0
127789,CN1[N]N=C[C@H](C1=N)N,0
127805,Cn1nnn(c1=N)C=O,0
127839,C[N]C1=N[N]OC(=C1)N,0
127847,C[N]C1=CCNN=C1N,0
127852,CN=c1cnn(cn1)C,0
127856,CN=c1cn[nH]c(n1)C,0
127860,CN=c1cn[nH]c(n1)O,0
127862,C[N]C1=C(N)CNN=C1,0
127877,CN1N=CCN=C1[N]C,0
127881,Cc1n[nH]cnc1=NC,0
127882,CN=c1nc[nH]nc1N,0
127887,C[N]C1=N[C@@H](NN=N1)N,0
127888,C[N]C1=N[C@@H](NN=N1)O,0
127893,C[N]C1=N[N]OC(=N1)C,0
127894,C[N]C1=N[C@@H](ON=N1)N,0
127895,C[N]C1=N[C@@H](ON=N1)O,0
127902,CN=c1nn[nH]c(=N)[nH]1,0
127904,C[N]C1NNOC(=N)N1,0
127922,CN=c1ccc(n[nH]1)C,0
127923,C[N]C1=NCC(=NN1)C,0
127936,C[N]C1=N[C@@H](C=NN1)C,0
127939,CN=c1cc(O)cn[nH]1,0
127941,CN=c1c(N)ccn[nH]1,0
127942,CN=c1c(O)ccn[nH]1,0
127958,CN=C1N[N]N=C[C@@H]1N,0
128142,CNc1onnc1C#C,0
128143,CNc1onnc1C#N,0
128147,CNc1onnc1NC,0
128171,CNc1nnoc1OC,0
128180,CNc1cc(=N)cn[nH]1,0
128183,CNC1=CC(=N[N]O1)[NH],0
128184,CNc1cc(=N)[nH]nc1,0
128185,CNC1=N[N]NC(=N)C1,0
128195,CNc1cc(=O)nno1,0
128212,CNc1ccn[nH]c1=N,0
128225,CN[C@H]1C=N[N]NC1=N,0
128235,CNC1=C([NH])C=NNC1,0
128251,CN[C@@H]1NN=NC(=N1)[NH],0
128252,CN[C@@H]1ON=NC(=N1)[NH],0
128260,CNc1nc(=O)nno1,0
128283,CNc1nn(c(=N)o1)C,0
128307,CNc1ncc(=N)[nH]n1,0
128336,CNc1n[nH]cnc1=N,0
128349,Cn1c(NC)noc1=N,0
128405,C[NH2]Cc1c([O])cn[nH]1,0
128406,C[NH2]Cc1oncc1[O],0
128407,C[NH2]C[C]1ON=NC1=O,0
128408,C[NH2]C[C]1C=NOC1=O,0
128409,C[NH2]Cc1n[nH]oc1=O,0
128421,C[NH2]Cc1n[nH]cc1[O],0
128423,CNCc1noc(=N)o1,0
128427,C[NH2]CC1=NOC(=O)[CH]1,0
128428,C[NH2]Cc1nocc1[O],0
128430,C[NH2]Cc1no[nH]c1=O,0
128499,COc1onnc1C=O,0
128500,COc1nn[nH]c1C[NH3],0
128528,COc1onnc1C#C,0
128529,COc1onnc1C#N,0
128555,COc1cc(=N)cn[nH]1,0
128558,COC1=CC(=N[N]O1)[NH],0
128559,COc1cc(=N)[nH]nc1,0
128568,COc1cc(=O)nno1,0
128583,COc1ccn[nH]c1=N,0
128596,CO[C@H]1C=N[N]NC1=N,0
128605,COC1=C([NH])C=NNC1,0
128616,COc1nc(=N)cn[nH]1,0
128618,CO[C@@H]1NN=NC(=N1)[NH],0
128619,CO[C@@H]1ON=NC(=N1)[NH],0
128620,CO[C@@H]1C=NNC(=N1)[NH],0
128627,COc1nc(=O)nno1,0
128634,[NH3]Cc1nnc([nH]1)OC,0
128647,COc1nn(c(=N)[nH]1)C,0
128648,COc1nn(c(=N)o1)C,0
128672,COc1ccc(=N)[nH]n1,0
128674,Cn1c(OC)n[nH]c1=N,0
128695,COc1n[nH]cnc1=N,0
128706,Cn1c(OC)noc1=N,0
128822,COCc1noc(=N)o1,0
128933,N#CCNc1cnno1,0
128948,N#CCOc1cnno1,0
129032,O=Cn1ncccc1=N,0
129035,O=Cn1ccc(=N)cn1,0
129037,C1C=N[N]N(C1=N)C=O,0
129040,N=c1cc[nH]nc1C#C,0
129041,N=c1cc[nH]nc1C#N,0
129042,N=c1cc[nH]nc1C=O,0
129059,N=c1cnn(cn1)C=O,0
129067,N=c1cn[nH]c(n1)C#C,0
129071,C#CC1=C([NH])C=NNC1,0
129100,N=c1cnonnc1=O,0
129106,N=C1Cc2c(N1)onn2,0
129114,N=C1Cc2c(O1)onn2,0
129126,O=CN1CNC(NN1)[NH],0
129130,N=c1nc[nH]nc1C#C,0
129136,[NH]C1=N[N]OC=NC1=N,0
129137,N=C1[N][CH]ON=NC1=O,0
129138,O=CN1NNC(NN1)[NH],0
129140,[NH]C1=N[C@@H](NN=N1)C#C,0
129145,[NH]C1=N[C@@H](ON=N1)C#C,0
129146,[NH]C1=N[C@@H](ON=N1)C#N,0
129147,[NH]C1=N[C@@H](ON=N1)C=O,0
129149,N#CC1=CO[N]N=C1[NH],0
129150,O=CC1=CO[N]N=C1[NH],0
129151,O=c1cconnc1=N,0
129156,O=C1C=NO[N]N=C1[NH],0
129157,[NH]C1=N[N]ON=NC1=N,0
129160,N=c1onc([nH]1)C1CC1,0
129161,C1N[C@H]1c1noc(=N)[nH]1,0
129162,C1O[C@H]1c1noc(=N)[nH]1,0
129163,C(c1noc(=N)[nH]1)C#C,0
129164,C(c1noc(=N)[nH]1)C#N,0
129165,C(c1noc(=N)[nH]1)C=O,0
129166,N=c1onc([nH]1)NC=O,0
129167,N=c1onc([nH]1)OC=O,0
129168,N=c1[nH]c2c([nH]1)cno2,0
129169,N=C1NC2=N[N]N[C@H]2N1,0
129170,N=C1NC2=N[N]O[C@H]2N1,0
129171,N=c1[nH]c2c(o1)[nH]nc2,0
129172,N=c1oc2c([nH]1)[nH]nc2,0
129173,N=c1oc2c([nH]1)onc2,0
129174,N=C1N[C@@H]2C(=N[N]N2)O1,0
129175,N=C1N[C@@H]2C(=N[N]O2)O1,0
129176,N=c1oc2c([nH]1)cno2,0
129177,N=C1NC2=N[N]O[C@H]2O1,0
129178,C(n1nc[nH]c1=N)C#C,0
129179,C(n1nc[nH]c1=N)C#N,0
129182,C1NC(=N)c2c1onn2,0
129191,N=c1[nH]c(n[nH]1)OC=O,0
129194,N=c1oc(n[nH]1)NC=O,0
129201,[NH]C1=N[C@@H](C=NN1)C#N,0
129205,[NH]C1=N[C@@H](C=NN1)C=O,0
129206,N=c1c(ccn[nH]1)C#C,0
129213,C(n1cn[nH]c1=N)C#N,0
129237,N=c1[nH]nnn1C1CC1,0
129238,C(n1nn[nH]c1=N)C#C,0
129239,C(n1nn[nH]c1=N)C#N,0
129240,C(n1nn[nH]c1=N)C=O,0
129241,N=c1oc2c(o1)cn[nH]2,0
129242,N=c1oc2c(o1)cno2,0
129243,N=C1OC2=N[N]O[C@@H]2O1,0
129244,N=c1ocnn1C1CC1,0
129245,C(n1ncoc1=N)C#C,0
129246,C(n1ncoc1=N)C#N,0
129247,C(n1ncoc1=N)C=O,0
129250,C1OC(=N)c2c1onn2,0
129264,C(c1noc(=N)o1)C#C,0
129265,C(c1noc(=N)o1)C#N,0
129266,C(c1noc(=N)o1)C=O,0
129269,N=c1oc(no1)NC=O,0
129270,N=c1onc(o1)C1CC1,0
129271,C1N[C@H]1c1noc(=N)o1,0
129272,C1O[C@H]1c1noc(=N)o1,0
129273,N=c1onc(o1)N1CC1,0
129274,N=c1oc(no1)OC=O,0
129276,N=c1onc2n1CC=C2,0
129277,C1C=Cn2c1noc2=N,0
129278,N=c1onc2n1CCC2,0
129279,C1CNc2n1c(=N)on2,0
129280,C1COc2n1c(=N)on2,0
129299,N=c1oncn1C1CC1,0
129300,C(n1cnoc1=N)C#C,0
129301,C(n1cnoc1=N)C#N,0
129302,C(n1cnoc1=N)C=O,0
129317,O=c1nnoc(=N)cn1,0
129327,N=c1onnn1C1CC1,0
129328,C(n1nnoc1=N)C#C,0
129329,C(n1nnoc1=N)C#N,0
129330,C(n1nnoc1=N)C=O,0
129338,N=CNc1noc(=N)o1,0
129346,N=COc1n[nH]c(=N)[nH]1,0
129348,N=COc1noc(=N)o1,0
129368,[NH]C(=[NH2])c1oncc1N,0
129369,[NH]C(=[NH2])c1onnc1N,0
129370,[NH]C(=[NH2])c1nn[nH]c1N,0
129371,[NH]C(=[NH2])c1nnoc1N,0
129375,Nc1noc(c1)C(=[NH2])[NH],0
129376,[NH]C(=[NH2])c1cc(no1)O,0
129377,[NH]C(=[NH2])c1cncnn1,0
129378,[NH]C(=[NH2])c1cnncn1,0
129379,[NH]C(=[NH2])c1cnnnn1,0
129380,[NH]C(=[NH2])c1conc1N,0
129381,[NH]C(=[NH2])c1conc1O,0
129382,Nc1noc(n1)C(=[NH2])[NH],0
129384,[NH]C(=[NH2])c1nc(no1)O,0
129385,[NH]C(=[NH2])c1nccnn1,0
129386,[NH]C(=[NH2])c1ncnnn1,0
129388,[NH]C(=[NH2])c1n[nH]c(n1)N,0
129389,[NH]C(=[NH2])c1n[nH]c(n1)O,0
129390,[NH]C(=[NH2])c1n[nH]cc1N,0
129391,[NH]C(=[NH2])c1n[nH]nc1N,0
129392,[NH]C(=[NH2])c1n[nH]nc1O,0
129394,N=c1onc(o1)C(=[NH2])[NH],0
129395,[NH]C(=[NH2])c1noc(=O)o1,0
129396,Nc1onc(c1)C(=[NH2])[NH],0
129397,Nc1onc(n1)C(=[NH2])[NH],0
129398,[NH]C(=[NH2])c1nocc1N,0
129399,[NH]C(=[NH2])c1nonc1N,0
129400,NC(=[NH2])Cc1nnn[nH]1,0
129402,[NH]C(=[NH2])n1cn[nH]c1=O,0
129403,[NH]C(=[NH2])n1cnoc1=O,0
129404,[NH]C(=[NH2])n1nc[nH]c1=O,0
129405,[NH]C(=[NH2])n1ncoc1=O,0
129407,[NH]C(=[NH2])n1nn[nH]c1=O,0
129408,[NH]C(=[NH2])n1nnoc1=N,0
129409,[NH]C(=[NH2])n1nnoc1=O,0
129411,[NH]C(=[NH2])Nc1cnno1,0
129413,[NH]C(=[NH2])Nc1ncno1,0
129414,[NH]C(=[NH2])Nc1n[nH]nn1,0
129415,[NH]C(=[NH2])Nc1nocn1,0
129416,[NH]C(=[NH2])Nc1nonn1,0
129417,NC(=[NH2])Oc1c[nH]nn1,0
129418,[NH]C(=[NH2])Oc1cnno1,0
129419,NC(=[NH2])Oc1nnc[nH]1,0
129420,[NH]C(=[NH2])Oc1ncno1,0
129421,[NH]C(=[NH2])Oc1n[nH]cn1,0
129422,[NH]C(=[NH2])Oc1n[nH]nn1,0
129423,[NH]C(=[NH2])Oc1nocn1,0
129424,[NH]C(=[NH2])Oc1nonn1,0
129453,NC(=O)c1noc(=N)o1,0
129492,NC(=O)n1cn[nH]c1=N,0
129494,NC(=O)n1cnoc1=N,0
129501,NC(=O)n1nc[nH]c1=N,0
129503,NC(=O)n1ncoc1=N,0
129508,NC(=O)n1nn[nH]c1=N,0
129510,NC(=O)n1nnoc1=N,0
129577,NC(=[NH2])Nc1cc[nH]n1,0
129583,[NH3]C1(CC1)c1nn[nH]c1,0
129585,[NH3]C1(CC1)c1nnn[nH]1,0
129654,Nc1c(=O)nnoc1N,0
129736,NC1=C(O)O[N]N=C1[NH],0
129847,Nc1cc(O)n[nH]c1=N,0
129860,Nc1cc2c([nH]1)onn2,0
129868,Nc1cc2c(o1)onn2,0
129915,Nc1c[nH]c2c1nno2,0
129940,Nc1coc2c1nno2,0
129997,NC1=Nc2c(C1)nno2,0
129999,NC1=Nc2c(C1)onn2,0
130007,Nc1oc2c(n1)onn2,0
130009,Nc1nc2c(o1)onn2,0
130036,NC1=NCc2c1nno2,0
130038,NC1=NCc2c1onn2,0
130048,Nc1nn(c(=N)[nH]1)C=O,0
130049,Nc1nn(c(=N)o1)C=O,0
130120,Nc1cc(N)n[nH]c1=N,0
130121,N=C1[N]NC(=N[C@@H]1N)N,0
130122,Nc1cc(O)c(=N)[nH]n1,0
130124,Nc1n[nH]c(=N)n1C=O,0
130162,N=c1cc(O)[nH]nc1N,0
130164,N=c1nc(O)[nH]nc1N,0
130182,Nc1n[nH]c2c1nno2,0
130238,Nc1noc(=N)n1C=O,0
130297,Nc1noc2c1nno2,0
130337,[NH3]C1CCC2C1NNN2,0
130338,[NH3]c1ccc2c1o[nH]n2,0
130343,[NH3][C@H]1CN2[C]1C(=C[N]2)[O],0
130345,[NH3][C@H]1COc2c1[nH]nn2,0
130346,N[C@H]1COc2c1nno2,0
130355,[O]c1cn[nH]c1NC=[NH2],0
130374,[O]c1c[nH]nc1NC=[NH2],0
130378,NC=Nc1noc(=N)o1,0
130386,[NH3]CC#Cc1c[nH]nn1,0
130387,[NH3]CC#Cc1nnc[nH]1,0
130388,[NH3]C[C@@H](c1nnn[nH]1)N,0
130389,[NH3]C[C@H](c1nnc[nH]1)O,0
130390,[NH3]C[C@H](c1nnn[nH]1)O,0
130398,[NH3]Cc1nn[nH]c1C#N,0
130401,[NH3]Cc1nn[nH]c1C#C,0
130402,[NH3]Cc1nn[nH]c1C#N,0
130403,[NH3]Cc1[nH]nc(c1[O])N,0
130404,[NH3]Cc1onc(c1[O])N,0
130405,[NH3]Cc1[nH]nc(c1[O])O,0
130406,[NH3]Cc1onc(c1[O])O,0
130407,[NH3]C[C]1C(=NOC1=O)N,0
130408,[NH3]C[C]1C(=NOC1=O)O,0
130410,[NH3]CC1=NN=CC(=O)[CH]1,0
130411,[NH3]CC1=NN=NC(=O)[CH]1,0
130412,[NH3]C[C]1C=NN=CC1=O,0
130413,[NH3]Cc1cnn[nH]c1=O,0
130415,[NH3]Cc1nnnc(n1)[NH],0
130416,NC[C@@H]1ON=NC(=N1)[NH],0
130418,[NH3]Cc1nnc([nH]1)C#N,0
130421,[NH3]Cc1nncc(=O)[nH]1,0
130423,[NH3]Cc1nnnc(=O)[nH]1,0
130424,NCc1nc(=O)nno1,0
130432,[NH3]Cc1[nH]nc(n1)C#C,0
130433,[NH3]Cc1[nH]nc(n1)C#N,0
130434,[NH3]Cc1n[nH]c(c1[O])O,0
130435,[NH3]CC1=NN=C[CH]C1=O,0
130436,[NH3]Cc1nnc[nH]c1=O,0
130438,[NH3]Cc1nnncc1[NH],0
130439,[NH3]CC1NNNCC1=O,0
130440,[NH3]Cc1nnnnc1[NH],0
130441,[NH3]Cc1nnn[nH]c1=O,0
130442,[NH3]Cc1noc(c1[O])N,0
130443,[NH3]Cc1noc(c1[O])O,0
130446,[NH3]CCc1oncc1[O],0
130447,[NH3]CCC1NNNC1=O,0
130448,[NH3]CC[C]1C=NOC1=O,0
130449,[NH3]CCc1n[nH]oc1=O,0
130450,[NH3]CCc1nnc(o1)[NH],0
130451,[NH3]CCc1n[nH]c(=O)o1,0
130452,[NH3]CCc1nc(n[nH]1)O,0
130455,[NH3]CCc1noc(=O)[nH]1,0
130456,[NH3]CCc1nocc1[O],0
130457,[NH3]CCc1no[nH]c1=O,0
130458,[NH3]CC[N]c1nnco1,0
130459,[NH3]CC[N]c1nnno1,0
130460,[NH3]CCOc1c[nH]nn1,0
130461,[NH3]CCOc1nnc[nH]1,0
130463,o1nnc2c(c1)ccc2,0
130467,c1cc2c(n1)nnoc2,0
130470,o1nnc2c(c1)cnc2,0
130476,c1cc2c(n1)conn2,0
130480,o1nnc2c(c1)ncn2,0
130531,n1onc2c(n1)cnc2,0
130537,c1nc2c(c1)onnc2,0
130538,n1noc2c(c1)ncn2,0
130583,O=c1cc(onn1)C#C,0
130584,O=c1cc(onn1)C#N,0
130588,O=C1C=Cc2c1nno2,0
130592,O=C1C=Cc2c1onn2,0
130603,O=c1nnoccc1=O,0
130620,O=c1nnoncc1=O,0
130630,O=C1Cc2c(N1)onn2,0
130635,C1CC(=O)c2c1onn2,0
130662,O=c1nnocnc1=O,0
130664,O=c1nc(onn1)C#C,0
130665,O=c1nc(onn1)C#N,0
130666,O=c1nnocc1C#C,0
130667,O=c1nnocc1C#N,0
130669,O=c1nnonc1C#N,0
130670,O=c1nnonnc1=O,0
130680,O=c1[nH]c2c([nH]1)nno2,0
130684,O=c1oc2c([nH]1)onn2,0
130686,O=c1oc2c([nH]1)nno2,0
130692,C1NC(=O)c2c1onn2,0
130741,O=c1oc2c(o1)nno2,0
130747,C1OC(=O)c2c1onn2,0
130794,O=c1nnoc(=O)cn1,0
130861,O=Cc1onnc(=O)c1,0
130879,O=c1nnocc1C=O,0
130883,O=Cc1onnc(=O)n1,0
130919,O=c1nnonc1C=O,0
131092,N[C@H]1NC(=NN1)C(=O)[O],0
131165,[O]c1cn[nH]c1NC=[NH2],0
131225,Oc1cc2c([nH]1)onn2,0
131288,Oc1nn(c(=N)[nH]1)C=O,0
131289,Oc1nn(c(=N)o1)C=O,0
131344,Oc1n[nH]c(=N)[nH]c1=N,0
131514,O[C@H]1CCc2c1nno2,0
131542,O[C@H]1CNc2c1nno2,0
131555,O[C@H]1COc2c1nno2,0
131650,OCc1cc(=N)[nH]nc1,0
131659,OCc1cc(=O)nno1,0
131694,OCc1connc1=O,0
131696,[NH]C1=N[C@H](CO)ON=N1,0
131697,[NH]C1=N[C@@H](C=NN1)CO,0
131705,OCc1nc(=O)nno1,0
131728,OCc1ccc(=N)[nH]n1,0
131730,[NH]C1=NCC(=NN1)CO,0
131796,OCCc1noc(=N)o1,0
131830,OCCn1cnoc1=N,0
131836,OCCn1ncoc1=N,0
131840,OCCn1nn[nH]c1=N,0
131842,OCCn1nnoc1=N,0
131926,N=c1occ(o1)N(=O)=O,0
131974,Nc1onnc1N(=O)=O,0
132001,N=c1onc(o1)N(=O)=O,0
132004,CC1=C(F)C(=CCO1)[NH],0
132005,C[C@@H]1NC=NC(=C1F)[NH],0
132012,N=c1ccoc(c1C)F,0
132014,N=c1ncoc(c1C)F,0
132018,N[C@@H]1NC=NC(=C1F)[NH],0
132023,NC1=C([NH])C=CN[C@@H]1F,0
132025,F[C@H]1NC=NC(=C1N)[NH],0
132027,NC1=C([NH])C=CO[C@@H]1F,0
132032,N=c1cc[nH]c(c1O)F,0
132033,Fc1c(=N)cc[nH]c1F,0
132034,Fc1c(=N)ccoc1F,0
132036,Fc1c(=N)ncoc1F,0
132051,[NH]C1=C(C)[C@H](C=CO1)F,0
132053,Fc1nc[nH]c(=N)c1C,0
132055,Fc1ncoc(=N)c1C,0
132066,NC1=C([NH])OC=C[C@@H]1F,0
132072,NC1=C([O])[C@H](C=CN1)F,0
132073,Fc1c(F)cc[nH]c1=N,0
132074,Fc1c(F)nc[nH]c1=N,0
132075,[NH]C1=C(O)[C@H](C=CO1)F,0
132076,Fc1c(F)ccoc1=N,0
132078,Fc1ncoc(=N)c1O,0
132079,Fc1c(F)ncoc1=N,0
132088,Cc1c(F)cnc(=N)[nH]1,0
132092,Cc1c(F)ncc(=N)[nH]1,0
132112,Nc1c(F)ncc(=N)[nH]1,0
132136,Oc1oc(=O)ncc1F,0
132150,Fc1occ(c(=N)c1)C,0
132152,Fc1occ(c(=N)n1)C,0
132154,CC1=NC(=C(CN1)F)[NH],0
132155,CC1=NC(=C(CO1)F)[NH],0
132169,Nc1ncc(c(=N)[nH]1)F,0
132170,Nc1occ(c(=N)n1)F,0
132173,N=c1cc(F)[nH]cc1O,0
132174,Fc1[nH]cc(c(=N)c1)F,0
132175,Fc1occ(c(=N)c1)F,0
132178,OC1=NC(=C(CN1)F)[NH],0
132179,Fc1[nH]cc(c(=N)n1)F,0
132180,Oc1occ(c(=N)n1)F,0
132181,Fc1occ(c(=N)n1)F,0
132191,F[C@H]1NC(=NC(=C1)[NH])C,0
132193,Cc1[nH]c(F)nc(=N)n1,0
132194,Cc1oc(F)nc(=N)n1,0
132205,Fc1cc(=N)[nH]c(n1)N,0
132206,N=c1cc(F)oc(n1)N,0
132207,Nc1[nH]c(F)nc(=N)n1,0
132208,Nc1oc(F)nc(=N)n1,0
132212,Fc1[nH]c(F)cc(=N)c1,0
132213,Fc1oc(F)cc(=N)c1,0
132216,Fc1[nH]c(F)nc(=N)c1,0
132218,N=c1cc(F)oc(n1)O,0
132219,Fc1oc(F)nc(=N)c1,0
132225,Oc1[nH]c(F)nc(=N)n1,0
132226,Oc1oc(F)nc(=N)n1,0
132227,Fc1oc(F)nc(=N)n1,0
132271,F[C@@H]1C=C(C)OC(=C1)[NH],0
132279,[NH]C1=NC(=N[C@@H](N1)F)C,0
132281,[NH]C1=NC(=N[C@@H](O1)F)C,0
132284,Fc1cc(=N)[nH]c(n1)C,0
132285,Fc1cc(=N)oc(n1)C,0
132288,F[C@@H]1N=C(C)NC(=N1)[NH],0
132289,F[C@@H]1N=C(C)OC(=N1)[NH],0
132299,F[C@H]1C=C([NH])OC(=C1)N,0
132308,N[C@H]1N=C([NH])OC(=N1)F,0
132310,Nc1nc(F)oc(=O)n1,0
132318,Fc1cc(O)[nH]c(=N)c1,0
132320,F[C@H]1C=C([NH])OC(=C1)O,0
132328,Fc1cc(O)oc(=O)n1,0
132329,Fc1cc(F)oc(=O)n1,0
132330,Fc1cc(=N)[nH]c(n1)O,0
132331,Fc1nc(F)[nH]c(=N)c1,0
132332,Fc1cc(=N)oc(n1)O,0
132334,Fc1nc(F)oc(=N)c1,0
132340,F[C@H]1N=C([NH])OC(=N1)O,0
132341,O[C@H]1N=C([NH])OC(=N1)F,0
132342,F[C@H]1N=C([NH])OC(=N1)F,0
132343,Fc1nc(O)oc(=O)n1,0
132344,Oc1nc(F)oc(=O)n1,0
132345,Fc1nc(F)oc(=O)n1,0
132419,Cc1ccc(c(=N)[nH]1)F,0
132420,CC1=CCC(=C(O1)[NH])F,0
132426,Cc1cnc(c(=N)[nH]1)F,0
132430,Fc1ncc(c(=N)[nH]1)C,0
132432,Fc1ncc(c(=N)o1)C,0
132434,Cc1ncc(c(=N)[nH]1)F,0
132435,Cc1ncc(c(=N)o1)F,0
132442,NC1=CCC(=C(O1)[NH])F,0
132448,Nc1cnc(c(=N)[nH]1)F,0
132452,Fc1ncc(c(=N)[nH]1)N,0
132454,Fc1ncc(c(=N)o1)N,0
132462,Oc1ccc(c(=N)[nH]1)F,0
132463,Fc1ccc(c(=N)[nH]1)O,0
132471,Oc1cnc(c(=N)[nH]1)F,0
132472,Fc1cnc(c(=N)[nH]1)F,0
132479,Oc1ncc(c(=N)[nH]1)F,0
132481,Oc1ncc(c(=N)o1)F,0
132482,Fc1ncc(c(=N)o1)O,0
132856,CC1=CNC(=C(C1)F)[NH],0
132857,Cc1c[nH]c(=N)c(n1)F,0
132864,Cc1nc(F)c[nH]c1=N,0
132869,Nc1cc(F)coc1=N,0
132871,NC1=CNC(=C(C1)F)[NH],0
132872,Nc1c[nH]c(=N)c(n1)F,0
132875,NC1=COC(=C(C1)F)[NH],0
132879,Nc1nc(F)c[nH]c1=N,0
132883,OC1=CNC(=C(C1)F)[NH],0
132884,FC1=CNC(=C(C1)[O])N,0
132885,Fc1cc(F)c[nH]c1=N,0
132886,Oc1c[nH]c(=N)c(n1)F,0
132887,Fc1nc(F)c[nH]c1=N,0
132891,Oc1cc(F)coc1=N,0
132892,Fc1cc(F)coc1=N,0
132904,[NH]C1=C[C@@H](C(=CO1)C)F,0
132908,Cc1nc(=N)[nH]cc1F,0
132915,[NH]C1=NC(=C(CN1)N)F,0
132918,[NH]C1=C[C@@H](C(=CO1)N)F,0
132927,Fc1c[nH]c(=N)cc1F,0
132931,N=c1occ(c(c1)F)F,0
132938,Fc1coc(=N)[nH]c1=N,0
132943,Cc1c[nH]cc(c1=N)F,0
132945,Cc1cocc(c1=N)F,0
132951,Oc1c[nH]cc(c1=N)F,0
132952,Fc1c[nH]cc(c1=N)F,0
132953,Fc1cocc(c1=N)F,0
132955,Cn1c(F)nccc1=N,0
132957,[NH]C1=NC=N[C@@H](N1C)F,0
132965,Cn1cc(F)cnc1=N,0
132967,Fc1ncc(=N)n(c1)C,0
132969,CN1CC(=C(C=C1)[NH])F,0
132971,CN1CC(=C(N=C1)[NH])F,0
132977,Cn1cnc(=N)nc1F,0
132983,Fc1ncn(c(=N)c1)C,0
132985,CN1C=N[C@H](N=C1[NH])F,0
132987,Cn1cccc(c1=N)F,0
132989,Cn1ccnc(c1=N)F,0
132991,Cn1cncc(c1=N)F,0
132995,C[N]C1=CCNC(=C1)F,0
132996,C[N]C1=CCNC(=N1)F,0
132999,CN=c1nc(F)[nH]cn1,0
133003,CN=c1nc[nH]cc1F,0
133005,CN=c1cccc([nH]1)F,0
133008,CN=c1ccnc([nH]1)F,0
133009,C[N]C1=NC=N[C@@H](N1)F,0
133014,C[N]C1=NC=N[C@@H](O1)F,0
133015,CN=c1ncc(c[nH]1)F,0
133017,CN=c1ccc(co1)F,0
133022,C[N]C1=N[C@@H](N=CN1)F,0
133023,CN=c1cc(F)cco1,0
133026,C[N]C1=N[C@@H](N=CO1)F,0
133030,CN=c1occcc1F,0
133143,O=c1nnoc(c1F)C,0
133152,Fc1cn[nH]c(=N)c1C,0
133159,N=C1N[N]N=C([C@@H]1C)F,0
133163,N=c1cn[nH]c(c1C)F,0
133167,FC1=C(C)C(=N[N]O1)[NH],0
133168,O=c1nnoc(c1C)F,0
133176,Cc1cc(F)n[nH]c1=N,0
133180,N=c1c(C)c[nH]nc1F,0
133184,Fc1n[nH]c(=N)nc1C,0
133194,Cc1nc(F)c(=N)[nH]n1,0
133196,[NH]C1=N[C@@H](C(=NN1)C)F,0
133201,N=c1cc(F)[nH]nc1C,0
133203,N=c1c(F)c[nH]nc1C,0
133228,Cn1cnc(=N)c(n1)F,0
133230,Cn1nc(F)ccc1=N,0
133232,Fc1cnc(=N)n(n1)C,0
133242,Cn1ncc(cc1=N)F,0
133244,F[C@@H]1C=NN(C(=N1)[NH])C,0
133246,Fc1ccnn(c1=N)C,0
133248,Cn1ncnc(c1=N)F,0
133256,CN1[N]N=C(CC1=N)F,0
133260,CN1[N]N=C[C@H](C1=N)F,0
133263,C[N]C1=N[N]OC(=C1)F,0
133266,CN=c1cc(F)[nH]nc1,0
133274,C[N]C1=N[C@@H](ON=N1)F,0
133277,CN=c1ccc(n[nH]1)F,0
133278,CN=c1ncc(n[nH]1)F,0
133280,CN=c1cc(F)cn[nH]1,0
133281,C[N]C1=N[C@@H](C=NN1)F,0
133282,CN=c1c(F)ccn[nH]1,0
133284,CN=C1N[N]N=C(C1)F,0
133286,CN=C1N[N]N=C[C@@H]1F,0
133311,O=c1nnoc(c1F)N,0
133322,Fc1cn[nH]c(=N)c1N,0
133329,N=C1N[N]N=C([C@@H]1N)F,0
133333,NC1=C([NH])C=NN[C@@H]1F,0
133337,NC1=C(F)O[N]N=C1[NH],0
133338,O=c1nnoc(c1N)F,0
133346,Nc1cc(F)n[nH]c1=N,0
133353,Nc1nnc(c(=N)[nH]1)F,0
133368,Nc1nc(F)c(=N)[nH]n1,0
133370,Nc1n[nH]c(=N)nc1F,0
133376,N=c1nc(F)[nH]nc1N,0
133396,OC1=C(F)C(=N[N]O1)[NH],0
133397,FC1=C(F)O[N]N=C1[NH],0
133398,Fc1c(F)cn[nH]c1=N,0
133403,O=c1nnoc(c1F)O,0
133404,Fc1c(=O)nnoc1F,0
133410,Fc1cc(=N)[nH]nc1F,0
133428,Fc1nc(F)n[nH]c1=N,0
133429,Fc1n[nH]c(=N)[nH]c1=N,0
133491,O=C(C(F)(F)F)C(=[NH2])[NH],0
133812,C1[CH][C]2[C@H]3[C]1C[C@@H]2[CH]3,0
133813,[CH]1[C][C@H]2[C@]3(C1)O[C@@H]3[CH]2,0
133814,C1[CH][C@]23[C@@]41CN([C@@H]24)[CH]3,0
133816,O1[C@@H]2[C@@H]3[C@H]1[C@@H]1[C@H]2[N][C,0
133819,C1C[C@@]23[C@@H]4[C]1[CH][C@H]3[C@@H]4O2,0
133820,[CH]1[CH][C@H]2[C@]34[C@H]1O[C@@H]3[C@H],0
133821,C1C[C@H]2[C@@]34[C@@H]1O[C@@H]3[C@@H]2C4,0
133822,C[C@@]12[C]3[CH][C@@H]4[C@H]2[C@H]1[C]4[,0
133823,C[C@]12[C]3[CH][C@@H]4N1[C@H]2[C]4[CH]3,0
133824,O[C@@]12[C]3[CH][C@@H]4[C@H]2[C@H]1[C]4[,0
133825,C[C@@]12[C@H]3[CH][C]4[C@@H]1[C@@H]2[C]3,0
133826,C[C@@]12[C@@H]3[N][C]4N2[C@H]1[C]3[CH]4,0
133827,O[C@@]12[C@H]3[CH][C]4[C@@H]1[C@@H]2[C]3,0
133828,C[C@]12[C@H]3[CH][C]4[C@@H]2[C@@H]1[C@H],0
133829,C[C@]12[C@@H]3O[C@@H]4[C@H]1[C@H]2[C]4[C,0
133832,N[C@]12[C@@H]3CN4[C@H]1[C@H]2[C]4[N]3,0
133833,O[C@]12[C@H]3[CH][C]4[C@@H]2[C@@H]1[C@H],0
133834,O[C@]12[C@@H]3O[C@@H]4[C@H]1[C@H]2[C]4[C,0
133836,C[C@]12[C]3[CH][C]4[C@H]1[C@H]2[C@H]3[CH,0
133837,C[C@]12[C]3[CH][C]4N2[C@@H]1[C@@H]3[N]4,0
133838,C[C@]12[C]3[CH][C]4[C@H]1N2[C@H]3[CH]4,0
133839,O[C@]12[C]3[CH][C]4[C@H]1[C@H]2[C@H]3[CH,0
133840,C[C@@]12[C@H]3C[C@H]4[C@@H]1[C@@H]2[C]3[,0
133842,C[C@@]12[C@H]3C[C@H]4[C@@H]1N2[C]3[N]4,0
133843,C[C@]12[C@H]3C[C@H]4N2[C@@H]1[C]3[CH]4,0
133844,O[C@@]12[C@H]3C[C@H]4[C@@H]1[C@@H]2[C]3[,0
133845,O[C@@]12[C@H]3O[C@H]4[C@@H]1[C@@H]2[C]3[,0
133846,C[C@]12[C]3[CH][C@@H]4[C@H]1[C@H]2[C@H]3,0
133847,C[C@]12[C]3[CH][C@@H]4[C@H]1[C@H]2[C@H]3,0
133849,C[C@]12[C]3[CH][C@H]4N2[C@@H]1[C@@H]3C4,0
133851,O[C@]12[C]3[CH][C@@H]4[C@H]1[C@H]2[C@H]3,0
133852,O[C@]12[C]3[CH][C@@H]4[C@H]1[C@H]2[C@H]3,0
133854,C[C@]12C[C@]34[C@H]1[C]([C@H]23)[CH]C4,0
133855,C[C@]12O[C@]34[C@H]1[C]([C@H]23)[CH]C4,0
133856,O[C@]12C[C@]34[C@H]1[C]([C@H]23)[CH]C4,0
133858,C[C@@H]1N2[C@H]3[C@@]41[C@@H]2[C]3[CH]C4,0
133860,O[C@@H]1[C@H]2[C@]31C[CH][C][C@@H]3[CH]2,0
133864,C1[C@@H]2C[C@H]3[C@@]42[C@@H]1C[C@H]4O3,0
133865,C1[C@H]2CN3[C@]42[C@H]1O[C@@H]4C3,0
133866,C1[C@@H]2O[C@H]3[C@@]42[C@@H]1O[C@H]4C3,0
